kernel,output_mode,index_dtype,num_tokens,num_experts,topk,score_function,group_topk,dtype,test_pass,fused_ms,ref_ms,speedup,fused_gbps,ref_gbps
topk,sparse,-,4096,256,8,softmax,0,float32,forward,0.021232640743255614,0.08456864356994628,3.9829545741647263,642.0062471188346,161.18844319319686
topk,sparse,-,4096,256,8,softmax,0,float32,backward_raw,0.005479679703712464,0.051334080696105955,9.368080521444949,2487.6432085555502,265.5446014646181
topk,sparse,-,4096,384,6,softmax,0,float32,forward,0.01970144033432007,0.12853759765625,6.52427413808606,1037.8546772735572,159.0758841991301
topk,sparse,-,4096,384,6,softmax,0,float32,backward_raw,0.006983039975166321,0.0515721607208252,7.385345194103212,2928.1275880871626,396.4780942704087
topk,sparse,-,4096,512,10,softmax,0,float32,forward,0.052329602241516116,0.15022879600524902,2.870818610695722,520.9857295336118,181.47636621575154
topk,sparse,-,4096,512,10,softmax,0,float32,backward_raw,0.00856000006198883,0.05204256057739258,6.079738341181859,3184.927079739497,523.859235547359
topk,sparse,-,4096,512,22,softmax,0,float32,forward,0.20626527786254883,0.15066752433776856,0.7304551008249215,132.17433531477613,180.94792570482196
topk,sparse,-,4096,512,22,softmax,0,float32,backward_raw,0.008566719889640808,0.052626237869262696,6.143102441449063,3182.42878852236,518.0491158750193
topk,sparse,-,4096,896,16,softmax,0,float32,forward,0.1964406394958496,0.17366687774658204,0.8840679718427167,242.87341011740097,274.722552849828
topk,sparse,-,4096,896,16,softmax,0,float32,backward_raw,0.01983839988708496,0.06929664134979248,3.4930559795251144,2404.942347747508,688.4923579365203
topk,sparse,-,4096,2304,16,softmax,0,float32,forward,0.8203126525878907,0.2541414451599121,0.309810465995077,149.5568690949276,482.73665841006203
topk,sparse,-,4096,2304,16,softmax,0,float32,backward_raw,0.22785888671875,0.17276063919067383,0.7581913599179266,538.4182893486623,710.1350896519654
topk,sparse,-,4096,2304,36,softmax,0,float32,forward,3.8838009643554687,0.2756684875488281,0.07097904606308174,31.588485899755618,445.0395948077655
topk,sparse,-,4096,2304,36,softmax,0,float32,backward_raw,0.2279689598083496,0.17306528091430665,0.759161602789258,538.1583181461997,708.8850597408195
topk,sparse,-,16384,256,8,softmax,0,float32,forward,0.06733056068420411,0.2503424072265625,3.7181096471292765,809.8247132641493,217.80549529770016
topk,sparse,-,16384,256,8,softmax,0,float32,backward_raw,0.015687999725341798,0.07978432178497315,5.085691176810297,3475.6471796669434,683.4168766509413
topk,sparse,-,16384,384,6,softmax,0,float32,forward,0.062325439453125,0.42352191925048827,6.7953298519301955,1312.2880274516717,193.11616301877083
topk,sparse,-,16384,384,6,softmax,0,float32,backward_raw,0.023312959671020508,0.11424192428588867,4.900361253912289,3508.3030706594,715.9274365453128
topk,sparse,-,16384,512,10,softmax,0,float32,forward,0.1732979202270508,0.40188095092773435,2.3190177377847325,629.274164728133,271.3537522698098
topk,sparse,-,16384,512,10,softmax,0,float32,backward_raw,0.042919678688049315,0.15082143783569335,3.5140393042524924,2540.8369152205405,723.0530723278373
topk,sparse,-,16384,512,22,softmax,0,float32,forward,0.6897721862792969,0.40632606506347657,0.5890728462903697,158.098436221729,268.38520433820514
topk,sparse,-,16384,512,22,softmax,0,float32,backward_raw,0.04318848133087158,0.15104928016662597,3.4974436588640674,2525.022891278387,721.9624210039419
topk,sparse,-,16384,896,16,softmax,0,float32,forward,0.6612572479248047,0.5148575973510742,0.7786040893567968,288.60300979521605,370.6672155210877
topk,sparse,-,16384,896,16,softmax,0,float32,backward_raw,0.10441503524780274,0.2786950492858887,2.6691084155119644,1827.7140983296842,684.7657771065508
topk,sparse,-,16384,2304,16,softmax,0,float32,forward,2.1718858337402343,0.9483590698242188,0.4366523576384476,225.94814164559517,517.4554486951434
topk,sparse,-,16384,2304,16,softmax,0,float32,backward_raw,0.8940512084960938,0.7316815948486328,0.8183889109432703,548.8875394793945,670.6927869376309
topk,sparse,-,16384,2304,36,softmax,0,float32,forward,11.907069091796876,1.0296995544433594,0.0864780028153821,41.21363235710797,476.57937296601386
topk,sparse,-,16384,2304,36,softmax,0,float32,backward_raw,0.8946665954589844,0.7318089294433594,0.8179683170890322,548.5099929859821,670.5760865384218
topk,sparse,-,65536,256,8,softmax,0,float32,forward,0.24477567672729492,0.9574156951904297,3.9114004626247585,891.0354611867334,227.8047133503689
topk,sparse,-,65536,256,8,softmax,0,float32,backward_raw,0.0697545623779297,0.32724735260009763,4.691411449577648,3126.731794521414,666.4799768954186
topk,sparse,-,65536,384,6,softmax,0,float32,forward,0.2234111976623535,1.6786537170410156,7.513740289678782,1464.365776752327,194.8917210731714
topk,sparse,-,65536,384,6,softmax,0,float32,backward_raw,0.10041536331176758,0.5027215957641602,5.006421121072085,3258.024481614965,650.7691628061215
topk,sparse,-,65536,512,10,softmax,0,float32,forward,0.6281436920166016,1.9364646911621093,3.08283712114541,694.4392207451654,225.2597829388893
topk,sparse,-,65536,512,10,softmax,0,float32,backward_raw,0.14996576309204102,0.6576780700683593,4.385521445082845,2908.7146759776024,663.2540080812796
topk,sparse,-,65536,512,22,softmax,0,float32,forward,2.5516175842285156,1.9611097717285155,0.7685751124502692,170.95336648257495,222.42896460381615
topk,sparse,-,65536,512,22,softmax,0,float32,backward_raw,0.14931872367858887,0.6583074951171874,4.408740437228794,2921.3189428202213,662.6198535417697
topk,sparse,-,65536,896,16,softmax,0,float32,forward,2.4282357788085935,2.4115338134765625,0.9931217695259289,314.3695248467765,316.54680673936116
topk,sparse,-,65536,896,16,softmax,0,float32,backward_raw,0.40852481842041016,1.1234345245361328,2.749978639926874,1868.5849514641432,679.4907147038173
topk,sparse,-,65536,2304,16,softmax,0,float32,forward,8.208757934570313,3.827686767578125,0.4662930492149401,239.1268310804136,512.8252104186672
topk,sparse,-,65536,2304,16,softmax,0,float32,backward_raw,3.5494744873046873,2.814547119140625,0.7929475558163165,553.0210962272798,697.4245549668926
topk,sparse,-,65536,2304,36,softmax,0,float32,forward,45.3582861328125,4.216506652832031,0.09296000824382517,43.27620021295293,465.5356752921494
topk,sparse,-,65536,2304,36,softmax,0,float32,backward_raw,3.552248840332031,2.8143820190429687,0.7922817757271493,552.5891794834179,697.4654679848674
topk,sparse,-,262144,256,8,softmax,0,float32,forward,0.9487049865722657,3.7207391357421873,3.9219137544385276,919.5853762212154,234.47363552564045
topk,sparse,-,262144,256,8,softmax,0,float32,backward_raw,0.26076927185058596,1.2939804077148438,4.962165973513402,3345.544610408972,674.2105419823755
topk,sparse,-,262144,384,6,softmax,0,float32,forward,0.8608895874023438,6.534306030273438,7.590178956618715,1520.0820954852652,200.2695989347837
topk,sparse,-,262144,384,6,softmax,0,float32,backward_raw,0.3649875259399414,1.9090345764160157,5.2304104681378805,3585.3906092542284,685.489337996582
topk,sparse,-,262144,512,10,softmax,0,float32,forward,2.441032257080078,6.72616455078125,2.755459101891171,714.7920552623655,259.409422833305
topk,sparse,-,262144,512,10,softmax,0,float32,backward_raw,0.5538668823242188,2.5250245666503908,4.558901510872985,3150.270434437391,691.0152428000456
topk,sparse,-,262144,512,22,softmax,0,float32,forward,9.952257690429688,6.86294921875,0.6895871702909747,175.32006488114428,254.23916284168558
topk,sparse,-,262144,512,22,softmax,0,float32,backward_raw,0.5598172760009765,2.525310363769531,4.5109546847302475,3116.785670610416,690.9370384856344
topk,sparse,-,262144,896,16,softmax,0,float32,forward,9.460938110351563,8.5980126953125,0.9087907134605495,322.7431863928064,355.1347759308025
topk,sparse,-,262144,896,16,softmax,0,float32,backward_raw,1.5933651733398437,4.3673269653320315,2.7409454144009575,1916.3549970153254,699.1583951095032
topk,sparse,-,262144,2304,16,softmax,0,float32,forward,32.25015380859375,14.259822998046875,0.44216294541352036,243.46355476629495,550.61953357173
topk,sparse,-,262144,2304,16,softmax,0,float32,backward_raw,14.26505126953125,11.15871826171875,0.7822417214547751,550.4177264872885,703.641484966627
topk,sparse,-,262144,2304,36,softmax,0,float32,forward,177.550625,15.732327880859375,0.08860756125673663,44.22252576131456,499.08298043754604
topk,sparse,-,262144,2304,36,softmax,0,float32,backward_raw,14.1798095703125,11.15821044921875,0.7869083427312092,553.7265538769122,703.6735078383241
topk,sparse,-,4096,256,8,sigmoid,0,float32,forward,0.02216063976287842,0.10498335838317871,4.737379403596358,615.121591518052,129.84427446344816
topk,sparse,-,4096,256,8,sigmoid,0,float32,backward_raw,0.005913280248641968,0.08064191818237304,13.63742538684736,2305.2328702213263,169.0372489549686
topk,sparse,-,4096,384,6,sigmoid,0,float32,forward,0.020985920429229737,0.13879615783691407,6.6137750929234995,974.3309600812439,147.31842954922112
topk,sparse,-,4096,384,6,sigmoid,0,float32,backward_raw,0.007296640276908874,0.08136351585388184,11.15081911210106,2802.280395363303,251.3071342285716
topk,sparse,-,4096,512,10,sigmoid,0,float32,forward,0.05416736125946045,0.1746329689025879,3.223951930501098,503.310025928916,156.1158592866137
topk,sparse,-,4096,512,10,sigmoid,0,float32,backward_raw,0.009027199745178223,0.08146592140197755,9.024495270030073,3020.0922511504427,334.6549763486527
topk,sparse,-,4096,512,22,sigmoid,0,float32,forward,0.20844320297241212,0.17435903549194337,0.8364822311573294,130.79330777510796,156.3611310597078
topk,sparse,-,4096,512,22,sigmoid,0,float32,backward_raw,0.009395840167999268,0.08151328086853027,8.675464823907019,2901.6006565174816,334.4605407795012
topk,sparse,-,4096,896,16,sigmoid,0,float32,forward,0.19940223693847656,0.19980672836303712,1.002028519994414,239.26616236868233,238.7817887359296
topk,sparse,-,4096,896,16,sigmoid,0,float32,backward_raw,0.02026400089263916,0.09592351913452149,4.733691023936217,2354.4317952201923,497.37758195768475
topk,sparse,-,4096,2304,16,sigmoid,0,float32,forward,0.8333376312255859,0.29721023559570314,0.3566504433006312,147.219311120716,412.78319958969024
topk,sparse,-,4096,2304,16,sigmoid,0,float32,backward_raw,0.22655712127685546,0.23403488159179686,1.0330060704902915,541.5119653205668,524.2098578022403
topk,sparse,-,4096,2304,36,sigmoid,0,float32,forward,3.896836242675781,0.3169001579284668,0.08132242111125147,31.482819487369287,387.13578687358387
topk,sparse,-,4096,2304,36,sigmoid,0,float32,backward_raw,0.23154560089111328,0.23475040435791017,1.0138409170999712,529.8454884387681,522.6120582648787
topk,sparse,-,16384,256,8,sigmoid,0,float32,forward,0.07088799953460694,0.2890275192260742,4.077241862143019,769.1845214701098,188.65315021214428
topk,sparse,-,16384,256,8,sigmoid,0,float32,backward_raw,0.017001919746398926,0.11004672050476075,6.472605573148237,3207.0467813817795,495.48002657326936
topk,sparse,-,16384,384,6,sigmoid,0,float32,forward,0.06746143817901612,0.4263942337036133,6.32056246076656,1212.3804384804896,191.81527688493907
topk,sparse,-,16384,384,6,sigmoid,0,float32,backward_raw,0.023735039234161377,0.15550047874450684,6.551515555141702,3445.915011687986,525.9721941717124
topk,sparse,-,16384,512,10,sigmoid,0,float32,forward,0.1798646354675293,0.4452009582519531,2.475200069734245,606.2998638756143,244.94984114181563
topk,sparse,-,16384,512,10,sigmoid,0,float32,backward_raw,0.04384992122650146,0.2044041633605957,4.661448815489787,2486.9350035249913,533.5111683005115
topk,sparse,-,16384,512,22,sigmoid,0,float32,forward,0.6962521362304688,0.4505055999755859,0.6470437597716218,156.62702967119134,242.06559031876583
topk,sparse,-,16384,512,22,sigmoid,0,float32,backward_raw,0.044824318885803224,0.20402816772460938,4.551729346839652,2432.8736433860004,534.494355442111
topk,sparse,-,16384,896,16,sigmoid,0,float32,forward,0.6713382720947265,0.5842361450195312,0.8702559786984629,284.26925729190685,326.65016299808036
topk,sparse,-,16384,896,16,sigmoid,0,float32,backward_raw,0.10932448387145996,0.3658102416992188,3.3460962150923677,1745.6367068184306,521.6935182392067
topk,sparse,-,16384,2304,16,sigmoid,0,float32,forward,2.2038502502441406,1.1059830474853516,0.5018412877022074,222.6710131260674,443.7080379448579
topk,sparse,-,16384,2304,16,sigmoid,0,float32,backward_raw,0.8927305603027343,0.934677734375,1.0469874964939487,549.6995284149197,525.0296973514016
topk,sparse,-,16384,2304,36,sigmoid,0,float32,forward,11.939794921875,1.1914067077636719,0.0997845202165814,41.10066975278803,411.89424635784593
topk,sparse,-,16384,2304,36,sigmoid,0,float32,backward_raw,0.9135100555419922,0.9346918487548828,1.0231872578570833,537.1955842443838,525.0217691035967
topk,sparse,-,65536,256,8,sigmoid,0,float32,forward,0.2585536003112793,1.0702521514892578,4.139382125024575,843.5535522901993,203.7873109589251
topk,sparse,-,65536,256,8,sigmoid,0,float32,backward_raw,0.0748095989227295,0.4327628707885742,5.784857518559525,2915.4521764684027,503.9799454203971
topk,sparse,-,65536,384,6,sigmoid,0,float32,forward,0.24361663818359375,1.6556781005859376,6.79624393855312,1342.9120212776672,197.59620658400985
topk,sparse,-,65536,384,6,sigmoid,0,float32,backward_raw,0.10296544075012207,0.6469760131835938,6.283428774453401,3177.33512930757,505.6689975106732
topk,sparse,-,65536,512,10,sigmoid,0,float32,forward,0.6538690948486328,2.081269073486328,3.1830057268085605,667.1176531152306,209.58732417491308
topk,sparse,-,65536,512,10,sigmoid,0,float32,backward_raw,0.15371135711669923,0.8428102111816407,5.483070522510387,2837.8359555359775,517.5632784377709
topk,sparse,-,65536,512,22,sigmoid,0,float32,forward,2.5773001098632813,2.1209036254882814,0.8229168257788921,169.24983409213434,205.67064469965007
topk,sparse,-,65536,512,22,sigmoid,0,float32,backward_raw,0.1563417625427246,0.8433219146728516,5.394092409840852,2790.0901774776557,517.2492359210389
topk,sparse,-,65536,896,16,sigmoid,0,float32,forward,2.469105224609375,2.6582156372070314,1.0765906656033968,309.165976561719,287.17133302325334
topk,sparse,-,65536,896,16,sigmoid,0,float32,backward_raw,0.4259056091308594,1.4340531921386719,3.3670681047500817,1792.3298299775545,532.3117246868367
topk,sparse,-,65536,2304,16,sigmoid,0,float32,forward,8.33141357421875,4.421552734375,0.5307085880428899,235.6063895416532,443.9468191206514
topk,sparse,-,65536,2304,16,sigmoid,0,float32,backward_raw,3.538319396972656,3.5814202880859374,1.012181175941934,554.7645793874525,548.0882203437438
topk,sparse,-,65536,2304,36,sigmoid,0,float32,forward,45.4916748046875,4.837861328125,0.10634608087953937,43.149307657447196,405.7442201967311
topk,sparse,-,65536,2304,36,sigmoid,0,float32,backward_raw,3.6190719604492188,3.5815921020507813,0.9896437929922274,542.386085010686,548.0619277879367
topk,sparse,-,262144,256,8,sigmoid,0,float32,forward,1.0044147491455078,4.157993469238281,4.139717654261487,868.5806662458865,209.81640266015643
topk,sparse,-,262144,256,8,sigmoid,0,float32,backward_raw,0.2803865623474121,1.6661529541015625,5.9423423867122445,3111.4730488369005,523.6105303852079
topk,sparse,-,262144,384,6,sigmoid,0,float32,forward,0.9419152069091797,6.43820556640625,6.835228393363255,1389.3212875224112,203.25894140880342
topk,sparse,-,262144,384,6,sigmoid,0,float32,backward_raw,0.38172321319580077,2.4476332092285156,6.412062784279846,3428.198240930022,534.6482647260996
topk,sparse,-,262144,512,10,sigmoid,0,float32,forward,2.5439663696289063,7.284391479492188,2.8633992832832837,685.8700982963552,239.53002373804824
topk,sparse,-,262144,512,10,sigmoid,0,float32,backward_raw,0.5893670272827148,3.228905029296875,5.478598020971393,2960.5159149207343,540.3783784808169
topk,sparse,-,262144,512,22,sigmoid,0,float32,forward,10.058385009765624,7.4629345703125,0.7419615140071475,173.47024023299514,233.799512451968
topk,sparse,-,262144,512,22,sigmoid,0,float32,backward_raw,0.6784848022460938,3.2289773559570314,4.759100491665613,2571.6574022348273,540.3662744122443
topk,sparse,-,262144,896,16,sigmoid,0,float32,forward,9.629337158203125,9.776448364257812,1.0152773969420485,317.09901334161896,312.3274627177766
topk,sparse,-,262144,896,16,sigmoid,0,float32,backward_raw,1.6671145629882813,5.570160522460937,3.3411984071907432,1831.5797724942934,548.1804877413052
topk,sparse,-,262144,2304,16,sigmoid,0,float32,forward,32.721171875,16.629873046875,0.5082297513794347,239.9589207255432,472.1465441057867
topk,sparse,-,262144,2304,16,sigmoid,0,float32,backward_raw,14.147625732421876,14.197996826171876,1.003560392019317,554.9862030917532,553.0172449064435
topk,sparse,-,262144,2304,36,sigmoid,0,float32,forward,178.0685546875,18.213668212890624,0.10228458497265032,44.093900249706316,431.0903765361761
topk,sparse,-,262144,2304,36,sigmoid,0,float32,backward_raw,14.518187255859376,14.19799072265625,0.977945143731777,540.820761547288,553.0174826407441
aux_loss,sparse,-,4096,256,8,softmax,0,float32,forward,0.022047359943389893,0.07472000122070313,3.3890679615409116,618.2820997616501,182.43425826153546
aux_loss,sparse,-,4096,256,8,softmax,0,float32,backward_raw,0.003943679928779602,0.023444480895996093,5.944823443937841,3190.6524432102847,536.7110517746179
aux_loss,sparse,-,4096,384,6,softmax,0,float32,forward,0.02098560094833374,0.10580927848815919,5.041994210633289,974.3457931150411,193.2461150114372
aux_loss,sparse,-,4096,384,6,softmax,0,float32,backward_raw,0.004741120040416717,0.023667199611663817,4.991900523485502,3980.993486581506,797.4905485099393
aux_loss,sparse,-,4096,512,10,softmax,0,float32,forward,0.05414432048797607,0.14151712417602538,2.6137021002498746,503.5242063118022,192.64789444201168
aux_loss,sparse,-,4096,512,10,softmax,0,float32,backward_raw,0.005716480016708374,0.023644158840179442,4.136139507366645,4402.328692909665,1064.3569166535428
aux_loss,sparse,-,4096,512,22,softmax,0,float32,forward,0.2077008056640625,0.14163392066955566,0.6819131982503519,131.2608100523954,192.489029966253
aux_loss,sparse,-,4096,512,22,softmax,0,float32,backward_raw,0.0056921601295471195,0.02390687942504883,4.199966072801067,4421.137745118608,1052.6603473656244
aux_loss,sparse,-,4096,896,16,softmax,0,float32,forward,0.19913471221923829,0.16211519241333008,0.8140981077917174,239.58760111834857,294.2981918582788
aux_loss,sparse,-,4096,896,16,softmax,0,float32,backward_raw,0.010329279899597168,0.028491199016571045,2.758294798234887,4263.626547840719,1545.7472314304973
aux_loss,sparse,-,4096,2304,16,softmax,0,float32,forward,0.840512924194336,0.255183048248291,0.30360395527872913,145.96252891363537,480.7662297404257
aux_loss,sparse,-,4096,2304,16,softmax,0,float32,backward_raw,0.05626495838165283,0.07425024032592774,1.319653341290654,2012.7306810010527,1525.1965179223143
aux_loss,sparse,-,4096,2304,36,softmax,0,float32,forward,3.907290344238281,0.2762396812438965,0.07069852939166436,31.398586025456193,444.11936564494096
aux_loss,sparse,-,4096,2304,36,softmax,0,float32,backward_raw,0.05626560211181641,0.0742742395401001,1.3200647776326146,2012.7076535135313,1524.7037021342944
aux_loss,sparse,-,16384,256,8,softmax,0,float32,forward,0.0689299201965332,0.2394700813293457,3.474109365665416,791.0346021660179,227.69421423050292
aux_loss,sparse,-,16384,256,8,softmax,0,float32,backward_raw,0.00980672001838684,0.03108191967010498,3.169451112281047,5132.363104649879,1619.322375651388
aux_loss,sparse,-,16384,384,6,softmax,0,float32,forward,0.06623295783996581,0.35858848571777346,5.414049099003043,1234.8675141101355,228.08576197388516
aux_loss,sparse,-,16384,384,6,softmax,0,float32,backward_raw,0.013681600093841553,0.050760960578918456,3.7101625709530346,5518.175614121581,1487.3136981445318
aux_loss,sparse,-,16384,512,10,softmax,0,float32,forward,0.17747200012207032,0.3835532760620117,2.1612044480154213,614.473854608,284.32009529327763
aux_loss,sparse,-,16384,512,10,softmax,0,float32,backward_raw,0.02219615936279297,0.06690783977508545,3.01438815073755,4535.1672942455125,1504.5067414877756
aux_loss,sparse,-,16384,512,22,softmax,0,float32,forward,0.6790745544433594,0.38629825592041017,0.5688598599266625,160.5890005544242,282.29975758023664
aux_loss,sparse,-,16384,512,22,softmax,0,float32,backward_raw,0.022197439670562744,0.06692575931549072,3.0150215659441426,4534.905714080853,1504.1039060232276
aux_loss,sparse,-,16384,896,16,softmax,0,float32,forward,0.657031021118164,0.49000160217285155,0.7457815330225132,290.4593936450957,389.4698122490619
aux_loss,sparse,-,16384,896,16,softmax,0,float32,backward_raw,0.04978079795837402,0.11840767860412597,2.3785813699317706,3538.7292937188968,1487.7478393015433
aux_loss,sparse,-,16384,2304,16,softmax,0,float32,forward,2.218458557128906,0.9990908813476562,0.4503536377261263,221.2047488663027,491.180108998751
aux_loss,sparse,-,16384,2304,16,softmax,0,float32,backward_raw,0.19520544052124023,0.3129411125183105,1.603137247008541,2320.554339010397,1447.5082176155277
aux_loss,sparse,-,16384,2304,36,softmax,0,float32,forward,11.965859375,1.0736463928222657,0.08972580733026253,41.01114283736934,457.07187327293275
aux_loss,sparse,-,16384,2304,36,softmax,0,float32,backward_raw,0.1952409553527832,0.3130396842956543,1.6033505046624013,2320.132224212365,1447.0524177125503
aux_loss,sparse,-,65536,256,8,softmax,0,float32,forward,0.2494041633605957,0.9300105285644531,3.72892944541514,874.4994672950156,234.517568673831
aux_loss,sparse,-,65536,256,8,softmax,0,float32,backward_raw,0.045302081108093264,0.14407679557800293,3.1803571062050713,4444.091465017328,1397.3561196466378
aux_loss,sparse,-,65536,384,6,softmax,0,float32,forward,0.23566560745239257,1.4390451049804687,6.106300874942789,1388.2200102791392,227.34222219145818
aux_loss,sparse,-,65536,384,6,softmax,0,float32,backward_raw,0.06320864200592041,0.21737440109252928,3.4389981210507417,4777.667711508725,1389.2615067928475
aux_loss,sparse,-,65536,512,10,softmax,0,float32,forward,0.6362307357788086,1.8885235595703125,2.9682997902617436,685.6122967181697,230.9781171590194
aux_loss,sparse,-,65536,512,10,softmax,0,float32,backward_raw,0.07841311931610108,0.283887996673584,3.6204145320270587,5135.023163366498,1418.3522682115117
aux_loss,sparse,-,65536,512,22,softmax,0,float32,forward,2.4740838623046875,1.9045388793945313,0.7697956032987471,176.3107640149509,229.0358158184064
aux_loss,sparse,-,65536,512,22,softmax,0,float32,backward_raw,0.07886879920959472,0.2835536003112793,3.595256973010739,5105.354563975859,1420.0249390520016
aux_loss,sparse,-,65536,896,16,softmax,0,float32,forward,2.3886032104492188,2.3389013671875,0.9791920888976903,319.5856577017813,326.3768787813122
aux_loss,sparse,-,65536,896,16,softmax,0,float32,backward_raw,0.17846080780029297,0.48200927734375,2.7009251122697133,3948.447172717792,1461.8869493200157
aux_loss,sparse,-,65536,2304,16,softmax,0,float32,forward,8.405546875,4.0712191772460935,0.484349113483005,233.528442728481,482.1490041535403
aux_loss,sparse,-,65536,2304,16,softmax,0,float32,backward_raw,0.7735683441162109,1.1966438293457031,1.546914165306039,2342.313179929966,1514.184324161623
aux_loss,sparse,-,65536,2304,36,softmax,0,float32,forward,45.6408935546875,4.413847045898438,0.09670816458949713,43.008234920904584,444.7218609045491
aux_loss,sparse,-,65536,2304,36,softmax,0,float32,backward_raw,0.773543701171875,1.1968418884277343,1.5472194869075742,2342.387799493441,1513.933749745596
aux_loss,sparse,-,262144,256,8,softmax,0,float32,forward,0.9631212615966797,3.6361767578125,3.7754090817021124,905.8207588042386,239.92651900806914
aux_loss,sparse,-,262144,256,8,softmax,0,float32,backward_raw,0.1630089569091797,0.5651279830932617,3.4668523362683827,4940.258396038174,1424.998216496213
aux_loss,sparse,-,262144,384,6,softmax,0,float32,forward,0.9074262237548828,5.609391479492188,6.1816501800893695,1442.1258871988362,233.29141009043428
aux_loss,sparse,-,262144,384,6,softmax,0,float32,backward_raw,0.23535072326660156,0.8247586822509766,3.5043813369407117,5132.59332809291,1464.6218075609347
aux_loss,sparse,-,262144,512,10,softmax,0,float32,forward,2.4683596801757814,6.547496337890625,2.652569797860396,706.8785307154847,266.48819242595
aux_loss,sparse,-,262144,512,10,softmax,0,float32,backward_raw,0.29774368286132813,1.086063690185547,3.647646458015275,5409.393477376078,1482.9818458665509
aux_loss,sparse,-,262144,512,22,softmax,0,float32,forward,9.64189453125,6.639913330078125,0.6886523502780226,180.9634463792248,262.77910226570236
aux_loss,sparse,-,262144,512,22,softmax,0,float32,backward_raw,0.2937628746032715,1.0870336151123048,3.700377784566379,5482.696675593,1481.6586291433155
aux_loss,sparse,-,262144,896,16,softmax,0,float32,forward,9.302542114257813,8.339544677734375,0.8964801852337254,328.2385905375301,366.1414897329309
aux_loss,sparse,-,262144,896,16,softmax,0,float32,backward_raw,0.6713030242919922,1.8672758483886718,2.781569247893743,4198.658707031274,1509.4568327610675
aux_loss,sparse,-,262144,2304,16,softmax,0,float32,forward,32.97285400390625,15.250870361328126,0.46252806504166655,238.1273118508278,514.838622450675
aux_loss,sparse,-,262144,2304,16,softmax,0,float32,backward_raw,3.040052795410156,4.745827331542968,1.5611003002014225,2384.0892904697566,1527.1852104327618
aux_loss,sparse,-,262144,2304,36,softmax,0,float32,forward,178.4628125,16.691715087890625,0.09353049441541567,43.99648855696477,470.3972627531977
aux_loss,sparse,-,262144,2304,36,softmax,0,float32,backward_raw,3.0404351806640624,4.746021728515625,1.5609679031141344,2383.7894516195593,1527.1226569514297
aux_loss,sparse,-,4096,256,8,sigmoid,0,float32,forward,0.0217411208152771,0.08664480209350586,3.9852960125506547,626.9910422659257,157.32609078256175
aux_loss,sparse,-,4096,256,8,sigmoid,0,float32,backward_raw,0.004615040123462677,0.056643519401550296,12.27367864335067,2726.5011058146565,222.1421291074582
aux_loss,sparse,-,4096,384,6,sigmoid,0,float32,forward,0.02056351900100708,0.1272873592376709,6.1899599592578065,994.3449853596856,160.6383549981655
aux_loss,sparse,-,4096,384,6,sigmoid,0,float32,backward_raw,0.00554144024848938,0.056872320175170896,10.263093640804758,3406.0401544788347,331.8726568894247
aux_loss,sparse,-,4096,512,10,sigmoid,0,float32,forward,0.053643198013305665,0.15307968139648437,2.8536643426537407,508.2280141694328,178.0966340620181
aux_loss,sparse,-,4096,512,10,sigmoid,0,float32,backward_raw,0.006628159880638123,0.05720191955566406,8.630135751969364,3796.8040079288453,439.94719400125643
aux_loss,sparse,-,4096,512,22,sigmoid,0,float32,forward,0.20723424911499022,0.15356032371520997,0.7409987700923044,131.55632390123077,177.539193330703
aux_loss,sparse,-,4096,512,22,sigmoid,0,float32,backward_raw,0.0066323202848434445,0.05677408218383789,8.560214185310269,3794.422301575268,443.2625422021187
aux_loss,sparse,-,4096,896,16,sigmoid,0,float32,forward,0.19834207534790038,0.1767487907409668,0.8911310947560771,240.54506799081472,269.93230222390275
aux_loss,sparse,-,4096,896,16,sigmoid,0,float32,backward_raw,0.012447680234909058,0.05997439861297607,4.818118515350362,3538.0240469618516,734.3165253593965
aux_loss,sparse,-,4096,2304,16,sigmoid,0,float32,forward,0.8426860809326172,0.26380544662475586,0.31305304857153593,145.58611418409083,465.05253613852875
aux_loss,sparse,-,4096,2304,16,sigmoid,0,float32,backward_raw,0.06516448020935059,0.13833439826965332,2.12284971544672,1737.8517811571535,818.6409845745721
aux_loss,sparse,-,4096,2304,36,sigmoid,0,float32,forward,3.912113037109375,0.2846566390991211,0.07276288706357302,31.359879133413198,430.9872848505039
aux_loss,sparse,-,4096,2304,36,sigmoid,0,float32,backward_raw,0.06503488063812256,0.13849344253540039,2.1295255895990284,1741.314920375461,817.7008667471969
aux_loss,sparse,-,16384,256,8,sigmoid,0,float32,forward,0.06859903812408447,0.2711721611022949,3.9530023819253666,794.8500954396977,201.0750357940727
aux_loss,sparse,-,16384,256,8,sigmoid,0,float32,backward_raw,0.011912959814071655,0.06465343952178955,5.427151650878613,4224.949029085784,778.4836873688242
aux_loss,sparse,-,16384,384,6,sigmoid,0,float32,forward,0.06530208110809327,0.4261065673828125,6.525160609774236,1252.470466670371,191.94477217836715
aux_loss,sparse,-,16384,384,6,sigmoid,0,float32,backward_raw,0.016186239719390868,0.09169216156005859,5.664821672584818,4664.299634062332,823.3797820389367
aux_loss,sparse,-,16384,512,10,sigmoid,0,float32,forward,0.17646528244018556,0.4257104110717773,2.4124315286553637,617.9793696075266,256.1645220877936
aux_loss,sparse,-,16384,512,10,sigmoid,0,float32,backward_raw,0.02465536117553711,0.12305855751037598,4.991148036090174,4082.8157123034757,818.011343839394
aux_loss,sparse,-,16384,512,22,sigmoid,0,float32,forward,0.6782041931152344,0.4140371322631836,0.610490375120453,160.79508960138628,263.38677259188654
aux_loss,sparse,-,16384,512,22,sigmoid,0,float32,backward_raw,0.02510688066482544,0.12267168045043945,4.885978552576689,4009.3907858903617,820.5911554351694
aux_loss,sparse,-,16384,896,16,sigmoid,0,float32,forward,0.6556607818603516,0.5354095840454102,0.8165954085682167,291.0664131206904,356.4389538156158
aux_loss,sparse,-,16384,896,16,sigmoid,0,float32,backward_raw,0.05634431838989258,0.21974431991577148,3.900026235035451,3126.5045533251296,801.6624414570663
aux_loss,sparse,-,16384,2304,16,sigmoid,0,float32,forward,2.224992370605469,1.040499496459961,0.46764182664447446,220.5551688550108,471.63268187019605
aux_loss,sparse,-,16384,2304,16,sigmoid,0,float32,backward_raw,0.22768447875976563,0.5667401504516602,2.4891470579759583,1989.5288184222395,799.281349025645
aux_loss,sparse,-,16384,2304,36,sigmoid,0,float32,forward,11.974742431640625,1.1163958740234374,0.09322921811442113,40.980720111636344,439.56949270281666
aux_loss,sparse,-,16384,2304,36,sigmoid,0,float32,backward_raw,0.22771839141845704,0.5667846298217774,2.488971691268667,1989.2325304880255,799.2186240873167
aux_loss,sparse,-,65536,256,8,sigmoid,0,float32,forward,0.2487356758117676,1.0459059143066407,4.20488902885864,876.8497212480752,208.53100170543246
aux_loss,sparse,-,65536,256,8,sigmoid,0,float32,backward_raw,0.05105343818664551,0.26672063827514647,5.224342331265652,3943.448260310561,754.8219489198785
aux_loss,sparse,-,65536,384,6,sigmoid,0,float32,forward,0.23593791961669922,1.7084921264648438,7.2412782533661035,1386.6177701807817,191.48798342836963
aux_loss,sparse,-,65536,384,6,sigmoid,0,float32,backward_raw,0.06994400024414063,0.395722541809082,5.657705313219236,4317.59531833895,763.1354196286758
aux_loss,sparse,-,65536,512,10,sigmoid,0,float32,forward,0.636638069152832,2.0143536376953124,3.1640483585529102,685.1736286842807,216.549670245131
aux_loss,sparse,-,65536,512,10,sigmoid,0,float32,backward_raw,0.08634336471557617,0.5145148849487304,5.958939481262918,4663.394637519404,782.5880179154057
aux_loss,sparse,-,65536,512,22,sigmoid,0,float32,forward,2.4742723083496094,2.03527587890625,0.8225755394982458,176.2973357976752,214.32358164359343
aux_loss,sparse,-,65536,512,22,sigmoid,0,float32,backward_raw,0.08706527709960937,0.5142879867553711,5.906924136553154,4624.727531037818,782.9332871263977
aux_loss,sparse,-,65536,896,16,sigmoid,0,float32,forward,2.389847717285156,2.548371124267578,1.0663320117996902,319.4192343214125,299.54951252219854
aux_loss,sparse,-,65536,896,16,sigmoid,0,float32,backward_raw,0.201529598236084,0.8687449645996094,4.310756197617726,3496.47435497062,811.1046402723712
aux_loss,sparse,-,65536,2304,16,sigmoid,0,float32,forward,8.423326416015625,4.213302001953125,0.5001945542490431,233.03552243538732,465.8897632047403
aux_loss,sparse,-,65536,2304,16,sigmoid,0,float32,backward_raw,0.9017711639404297,2.1517733764648437,2.386163433151194,2009.3116751288082,842.0679184054418
aux_loss,sparse,-,65536,2304,36,sigmoid,0,float32,forward,45.667626953125,4.556367492675781,0.09977237261206086,42.9830583055001,430.8112273988777
aux_loss,sparse,-,65536,2304,36,sigmoid,0,float32,backward_raw,0.9016115570068359,2.1517648315429687,2.3865763640900783,2009.6673716287137,842.071262360353
aux_loss,sparse,-,262144,256,8,sigmoid,0,float32,forward,0.9628598022460938,4.106207580566406,4.264595500806789,906.0667295123226,212.46252530654087
aux_loss,sparse,-,262144,256,8,sigmoid,0,float32,backward_raw,0.190086727142334,1.0219808197021485,5.376392318738305,4236.520771894816,787.9857943270431
aux_loss,sparse,-,262144,384,6,sigmoid,0,float32,forward,0.911247329711914,6.66405029296875,7.31310817127503,1436.0786641906695,196.37049398932805
aux_loss,sparse,-,262144,384,6,sigmoid,0,float32,backward_raw,0.2655715179443359,1.4890821838378907,5.607085410981474,4548.528250884154,811.2108016003936
aux_loss,sparse,-,262144,512,10,sigmoid,0,float32,forward,2.4735752868652345,7.028968505859375,2.841623031723929,705.3880564157907,248.23421282162562
aux_loss,sparse,-,262144,512,10,sigmoid,0,float32,backward_raw,0.3256022262573242,1.9533001708984374,5.99903813112979,4946.565490394188,824.559768127796
aux_loss,sparse,-,262144,512,22,sigmoid,0,float32,forward,9.645769653320313,7.118448486328125,0.7379865725777288,180.89074555075925,245.11387100028412
aux_loss,sparse,-,262144,512,22,sigmoid,0,float32,backward_raw,0.32539966583251956,1.9534909057617187,6.003358672061956,4949.644714229573,824.4792597956728
aux_loss,sparse,-,262144,896,16,sigmoid,0,float32,forward,9.313544311523437,9.129309692382812,0.9802186350353564,327.85083850645685,334.4670533575719
aux_loss,sparse,-,262144,896,16,sigmoid,0,float32,backward_raw,0.7715756988525391,3.35485595703125,4.348058086874012,3653.0081133862614,840.1470358489508
aux_loss,sparse,-,262144,2304,16,sigmoid,0,float32,forward,33.1004296875,15.789775390625,0.47702629662804136,237.20952151159295,497.2671804224574
aux_loss,sparse,-,262144,2304,16,sigmoid,0,float32,backward_raw,3.53224365234375,8.5011279296875,2.406721836430153,2051.8848713029447,852.5641975918865
aux_loss,sparse,-,262144,2304,36,sigmoid,0,float32,forward,178.63408203125,17.088299560546876,0.09566091401056083,43.95430591249898,459.4803046482128
aux_loss,sparse,-,262144,2304,36,sigmoid,0,float32,backward_raw,3.533125305175781,8.501565551757812,2.406245127876901,2051.372845843464,852.520311450334
