model,format,ab_dtype,sf_dtype,sf_vec_size,direction,activation,ep,total_experts,local_experts,hidden_size,expert_intermediate_size,local_tokens,expert_tokens,min_expert_tokens,max_expert_tokens,padded_expert_tokens,padded_tokens,padding_ratio,median_tflops,mean_tflops,min_tflops,p25_tflops,p75_tflops,situ_throughput_retention,samples,seed,jitter,dynamic_sched,vector_f32,mma_tiler_m
kimi-k3,mxfp4,torch.float4_e2m1fn_x2,torch.float8_e8m0fnu,32,forward,swiglu,64,896,14,3584,3072,65536,"[4856, 4976, 4690, 4741, 4683, 4905, 4492, 4569, 4868, 4441, 4349, 4563, 4996, 4407]",4349,4996,"[4864, 5120, 4864, 4864, 4864, 5120, 4608, 4608, 5120, 4608, 4352, 4608, 5120, 4608]",67328,1.02734375,5491.158910038477,5625.09686552258,5243.6513414117,5417.16243560747,5859.030612269633,0.9156533880633907,120,1234,0.1,True,False,256
kimi-k3,mxfp4,torch.float4_e2m1fn_x2,torch.float8_e8m0fnu,32,forward,situglu,64,896,14,3584,3072,65536,"[4856, 4976, 4690, 4741, 4683, 4905, 4492, 4569, 4868, 4441, 4349, 4563, 4996, 4407]",4349,4996,"[4864, 5120, 4864, 4864, 4864, 5120, 4608, 4608, 5120, 4608, 4352, 4608, 5120, 4608]",67328,1.02734375,5027.998260371207,5094.081287627619,4573.57162968432,4703.581912366848,5675.643683730778,0.9156533880633907,120,1234,0.1,True,False,256
kimi-k3,mxfp4,torch.float4_e2m1fn_x2,torch.float8_e8m0fnu,32,backward,dswiglu,64,896,14,3584,3072,65536,"[4856, 4976, 4690, 4741, 4683, 4905, 4492, 4569, 4868, 4441, 4349, 4563, 4996, 4407]",4349,4996,"[4864, 5120, 4864, 4864, 4864, 5120, 4608, 4608, 5120, 4608, 4352, 4608, 5120, 4608]",67328,1.02734375,3064.7802091600383,3034.71832636075,2751.041038688985,2962.4837296313453,3077.8104734738263,0.9287623144498582,120,1234,0.1,True,False,256
kimi-k3,mxfp4,torch.float4_e2m1fn_x2,torch.float8_e8m0fnu,32,backward,dsituglu,64,896,14,3584,3072,65536,"[4856, 4976, 4690, 4741, 4683, 4905, 4492, 4569, 4868, 4441, 4349, 4563, 4996, 4407]",4349,4996,"[4864, 5120, 4864, 4864, 4864, 5120, 4608, 4608, 5120, 4608, 4352, 4608, 5120, 4608]",67328,1.02734375,2846.452360339598,2815.5386849857628,2584.385631227775,2739.8156479121744,2859.0115810400366,0.9287623144498582,120,1234,0.1,True,False,256
kimi-k3,mxfp4,torch.float4_e2m1fn_x2,torch.float8_e8m0fnu,32,forward,swiglu,64,896,14,3584,3072,131072,"[10062, 9089, 9959, 9049, 8531, 10191, 9644, 9115, 9812, 9832, 8788, 8663, 8642, 9695]",8531,10191,"[10240, 9216, 9984, 9216, 8704, 10240, 9728, 9216, 9984, 9984, 8960, 8704, 8704, 9728]",132608,1.01171875,5617.45186909688,5732.862778534032,5293.611536441926,5507.017377516609,6244.3137282227235,0.8837041446203185,120,1234,0.1,True,False,256
kimi-k3,mxfp4,torch.float4_e2m1fn_x2,torch.float8_e8m0fnu,32,forward,situglu,64,896,14,3584,3072,131072,"[10062, 9089, 9959, 9049, 8531, 10191, 9644, 9115, 9812, 9832, 8788, 8663, 8642, 9695]",8531,10191,"[10240, 9216, 9984, 9216, 8704, 10240, 9728, 9216, 9984, 9984, 8960, 8704, 8704, 9728]",132608,1.01171875,4964.165498926068,5007.147782168924,4601.794078361591,4835.273234655805,5014.495494290746,0.8837041446203185,120,1234,0.1,True,False,256
kimi-k3,mxfp4,torch.float4_e2m1fn_x2,torch.float8_e8m0fnu,32,backward,dswiglu,64,896,14,3584,3072,131072,"[10062, 9089, 9959, 9049, 8531, 10191, 9644, 9115, 9812, 9832, 8788, 8663, 8642, 9695]",8531,10191,"[10240, 9216, 9984, 9216, 8704, 10240, 9728, 9216, 9984, 9984, 8960, 8704, 8704, 9728]",132608,1.01171875,3118.102826449412,3101.2997390877217,2928.756871723206,3071.3994161623964,3142.9110067314314,0.9283259699615366,120,1234,0.1,True,False,256
kimi-k3,mxfp4,torch.float4_e2m1fn_x2,torch.float8_e8m0fnu,32,backward,dsituglu,64,896,14,3584,3072,131072,"[10062, 9089, 9959, 9049, 8531, 10191, 9644, 9115, 9812, 9832, 8788, 8663, 8642, 9695]",8531,10191,"[10240, 9216, 9984, 9216, 8704, 10240, 9728, 9216, 9984, 9984, 8960, 8704, 8704, 9728]",132608,1.01171875,2894.615830803459,2897.93521243894,2758.66974918182,2866.382128678688,2937.619630656002,0.9283259699615366,120,1234,0.1,True,False,256
kimi-k3,mxfp4,torch.float4_e2m1fn_x2,torch.float8_e8m0fnu,32,forward,swiglu,64,896,14,3584,3072,262144,"[18119, 18397, 18763, 18477, 20132, 17311, 19214, 19412, 20397, 17036, 19138, 19076, 18579, 18093]",17036,20397,"[18176, 18432, 18944, 18688, 20224, 17408, 19456, 19456, 20480, 17152, 19200, 19200, 18688, 18176]",263680,1.005859375,5424.873710691541,5552.198163624888,5026.0546376633065,5313.116699147878,5783.771546010825,0.9020292770562385,120,1234,0.1,True,False,256
kimi-k3,mxfp4,torch.float4_e2m1fn_x2,torch.float8_e8m0fnu,32,forward,situglu,64,896,14,3584,3072,262144,"[18119, 18397, 18763, 18477, 20132, 17311, 19214, 19412, 20397, 17036, 19138, 19076, 18579, 18093]",17036,20397,"[18176, 18432, 18944, 18688, 20224, 17408, 19456, 19456, 20480, 17152, 19200, 19200, 18688, 18176]",263680,1.005859375,4893.394911376485,4881.339804918787,4584.448269543894,4763.851732709053,5043.0272858036315,0.9020292770562385,120,1234,0.1,True,False,256
kimi-k3,mxfp4,torch.float4_e2m1fn_x2,torch.float8_e8m0fnu,32,backward,dswiglu,64,896,14,3584,3072,262144,"[18119, 18397, 18763, 18477, 20132, 17311, 19214, 19412, 20397, 17036, 19138, 19076, 18579, 18093]",17036,20397,"[18176, 18432, 18944, 18688, 20224, 17408, 19456, 19456, 20480, 17152, 19200, 19200, 18688, 18176]",263680,1.005859375,3219.1479057383485,3186.398940479116,2938.247338809812,3194.9147063835885,3249.5001780992666,0.9363570558806156,120,1234,0.1,True,False,256
kimi-k3,mxfp4,torch.float4_e2m1fn_x2,torch.float8_e8m0fnu,32,backward,dsituglu,64,896,14,3584,3072,262144,"[18119, 18397, 18763, 18477, 20132, 17311, 19214, 19412, 20397, 17036, 19138, 19076, 18579, 18093]",17036,20397,"[18176, 18432, 18944, 18688, 20224, 17408, 19456, 19456, 20480, 17152, 19200, 19200, 18688, 18176]",263680,1.005859375,3014.2718554614094,3009.630388770429,2911.2343731590167,2995.8324657644876,3041.0725970541903,0.9363570558806156,120,1234,0.1,True,False,256
kimi-k3,mxfp8,torch.float8_e4m3fn,torch.float8_e8m0fnu,32,forward,swiglu,64,896,14,3584,3072,65536,"[4856, 4976, 4690, 4741, 4683, 4905, 4492, 4569, 4868, 4441, 4349, 4563, 4996, 4407]",4349,4996,"[4864, 5120, 4864, 4864, 4864, 5120, 4608, 4608, 5120, 4608, 4352, 4608, 5120, 4608]",67328,1.02734375,2599.3581125335836,2717.9632737558045,2491.1432955807245,2553.758262083605,3109.3105684023794,0.9893558908085199,120,1234,0.1,True,False,256
kimi-k3,mxfp8,torch.float8_e4m3fn,torch.float8_e8m0fnu,32,forward,situglu,64,896,14,3584,3072,65536,"[4856, 4976, 4690, 4741, 4683, 4905, 4492, 4569, 4868, 4441, 4349, 4563, 4996, 4407]",4349,4996,"[4864, 5120, 4864, 4864, 4864, 5120, 4608, 4608, 5120, 4608, 4352, 4608, 5120, 4608]",67328,1.02734375,2571.6902609560166,2576.313098680207,2461.7577037215838,2554.1807284419788,2593.2822103195736,0.9893558908085199,120,1234,0.1,True,False,256
kimi-k3,mxfp8,torch.float8_e4m3fn,torch.float8_e8m0fnu,32,backward,dswiglu,64,896,14,3584,3072,65536,"[4856, 4976, 4690, 4741, 4683, 4905, 4492, 4569, 4868, 4441, 4349, 4563, 4996, 4407]",4349,4996,"[4864, 5120, 4864, 4864, 4864, 5120, 4608, 4608, 5120, 4608, 4352, 4608, 5120, 4608]",67328,1.02734375,1708.6587255505642,1687.3724112941318,1447.5046097347574,1633.4184391729716,1760.469707755549,0.9226335407821995,120,1234,0.1,True,False,256
kimi-k3,mxfp8,torch.float8_e4m3fn,torch.float8_e8m0fnu,32,backward,dsituglu,64,896,14,3584,3072,65536,"[4856, 4976, 4690, 4741, 4683, 4905, 4492, 4569, 4868, 4441, 4349, 4563, 4996, 4407]",4349,4996,"[4864, 5120, 4864, 4864, 4864, 5120, 4608, 4608, 5120, 4608, 4352, 4608, 5120, 4608]",67328,1.02734375,1576.4658499431175,1566.3825331181492,1403.947946516529,1526.5331958331278,1611.5441069603185,0.9226335407821995,120,1234,0.1,True,False,256
kimi-k3,mxfp8,torch.float8_e4m3fn,torch.float8_e8m0fnu,32,forward,swiglu,64,896,14,3584,3072,131072,"[10062, 9089, 9959, 9049, 8531, 10191, 9644, 9115, 9812, 9832, 8788, 8663, 8642, 9695]",8531,10191,"[10240, 9216, 9984, 9216, 8704, 10240, 9728, 9216, 9984, 9984, 8960, 8704, 8704, 9728]",132608,1.01171875,2630.421098469371,2672.806305059543,2475.987283328368,2534.088882173792,2642.6281992359573,0.9725908317503508,120,1234,0.1,True,False,256
kimi-k3,mxfp8,torch.float8_e4m3fn,torch.float8_e8m0fnu,32,forward,situglu,64,896,14,3584,3072,131072,"[10062, 9089, 9959, 9049, 8531, 10191, 9644, 9115, 9812, 9832, 8788, 8663, 8642, 9695]",8531,10191,"[10240, 9216, 9984, 9216, 8704, 10240, 9728, 9216, 9984, 9984, 8960, 8704, 8704, 9728]",132608,1.01171875,2558.323444013997,2532.2767552121772,2391.6882944703334,2449.369937799315,2608.334544404704,0.9725908317503508,120,1234,0.1,True,False,256
kimi-k3,mxfp8,torch.float8_e4m3fn,torch.float8_e8m0fnu,32,backward,dswiglu,64,896,14,3584,3072,131072,"[10062, 9089, 9959, 9049, 8531, 10191, 9644, 9115, 9812, 9832, 8788, 8663, 8642, 9695]",8531,10191,"[10240, 9216, 9984, 9216, 8704, 10240, 9728, 9216, 9984, 9984, 8960, 8704, 8704, 9728]",132608,1.01171875,1764.0256024333917,1752.2018263342654,1462.289898254805,1706.07778765345,1827.5842176963401,0.9426181671618905,120,1234,0.1,True,False,256
kimi-k3,mxfp8,torch.float8_e4m3fn,torch.float8_e8m0fnu,32,backward,dsituglu,64,896,14,3584,3072,131072,"[10062, 9089, 9959, 9049, 8531, 10191, 9644, 9115, 9812, 9832, 8788, 8663, 8642, 9695]",8531,10191,"[10240, 9216, 9984, 9216, 8704, 10240, 9728, 9216, 9984, 9984, 8960, 8704, 8704, 9728]",132608,1.01171875,1662.8025801924134,1649.4987282539357,1517.9956976482097,1623.919395864679,1686.8084545274273,0.9426181671618905,120,1234,0.1,True,False,256
kimi-k3,mxfp8,torch.float8_e4m3fn,torch.float8_e8m0fnu,32,forward,swiglu,64,896,14,3584,3072,262144,"[18119, 18397, 18763, 18477, 20132, 17311, 19214, 19412, 20397, 17036, 19138, 19076, 18579, 18093]",17036,20397,"[18176, 18432, 18944, 18688, 20224, 17408, 19456, 19456, 20480, 17152, 19200, 19200, 18688, 18176]",263680,1.005859375,2540.8098244689686,2583.6308029836628,2487.6517405140494,2532.8828259003426,2547.4628511798123,0.9915614348364449,120,1234,0.1,True,False,256
kimi-k3,mxfp8,torch.float8_e4m3fn,torch.float8_e8m0fnu,32,forward,situglu,64,896,14,3584,3072,262144,"[18119, 18397, 18763, 18477, 20132, 17311, 19214, 19412, 20397, 17036, 19138, 19076, 18579, 18093]",17036,20397,"[18176, 18432, 18944, 18688, 20224, 17408, 19456, 19456, 20480, 17152, 19200, 19200, 18688, 18176]",263680,1.005859375,2519.3690351969863,2533.146514351903,2419.3552057557313,2509.3257816554437,2595.3984050058207,0.9915614348364449,120,1234,0.1,True,False,256
kimi-k3,mxfp8,torch.float8_e4m3fn,torch.float8_e8m0fnu,32,backward,dswiglu,64,896,14,3584,3072,262144,"[18119, 18397, 18763, 18477, 20132, 17311, 19214, 19412, 20397, 17036, 19138, 19076, 18579, 18093]",17036,20397,"[18176, 18432, 18944, 18688, 20224, 17408, 19456, 19456, 20480, 17152, 19200, 19200, 18688, 18176]",263680,1.005859375,1766.7880006102425,1784.475186047622,1614.629421520239,1756.9168646518604,1816.526748051684,0.9650208022281769,120,1234,0.1,True,False,256
kimi-k3,mxfp8,torch.float8_e4m3fn,torch.float8_e8m0fnu,32,backward,dsituglu,64,896,14,3584,3072,262144,"[18119, 18397, 18763, 18477, 20132, 17311, 19214, 19412, 20397, 17036, 19138, 19076, 18579, 18093]",17036,20397,"[18176, 18432, 18944, 18688, 20224, 17408, 19456, 19456, 20480, 17152, 19200, 19200, 18688, 18176]",263680,1.005859375,1704.9871737160129,1692.1734646042714,1568.0522073139468,1697.9113138687487,1716.0246940352063,0.9650208022281769,120,1234,0.1,True,False,256
kimi-k3,nvfp4,torch.float4_e2m1fn_x2,torch.float8_e4m3fn,16,forward,swiglu,64,896,14,3584,3072,65536,"[4856, 4976, 4690, 4741, 4683, 4905, 4492, 4569, 4868, 4441, 4349, 4563, 4996, 4407]",4349,4996,"[4864, 5120, 4864, 4864, 4864, 5120, 4608, 4608, 5120, 4608, 4352, 4608, 5120, 4608]",67328,1.02734375,5495.067773499683,5526.734811398404,5010.303918527708,5256.740211992456,5741.406543890804,0.9125291060963794,120,1234,0.1,True,False,256
kimi-k3,nvfp4,torch.float4_e2m1fn_x2,torch.float8_e4m3fn,16,forward,situglu,64,896,14,3584,3072,65536,"[4856, 4976, 4690, 4741, 4683, 4905, 4492, 4569, 4868, 4441, 4349, 4563, 4996, 4407]",4349,4996,"[4864, 5120, 4864, 4864, 4864, 5120, 4608, 4608, 5120, 4608, 4352, 4608, 5120, 4608]",67328,1.02734375,5014.409283290688,5079.794467770863,4553.7923461772525,4712.672304046597,5497.838350591352,0.9125291060963794,120,1234,0.1,True,False,256
kimi-k3,nvfp4,torch.float4_e2m1fn_x2,torch.float8_e4m3fn,16,backward,dswiglu,64,896,14,3584,3072,65536,"[4856, 4976, 4690, 4741, 4683, 4905, 4492, 4569, 4868, 4441, 4349, 4563, 4996, 4407]",4349,4996,"[4864, 5120, 4864, 4864, 4864, 5120, 4608, 4608, 5120, 4608, 4352, 4608, 5120, 4608]",67328,1.02734375,3037.354166975506,3009.098937233327,2758.247335134203,2932.85312871403,3052.2618354592164,0.9282519263587949,120,1234,0.1,True,False,256
kimi-k3,nvfp4,torch.float4_e2m1fn_x2,torch.float8_e4m3fn,16,backward,dsituglu,64,896,14,3584,3072,65536,"[4856, 4976, 4690, 4741, 4683, 4905, 4492, 4569, 4868, 4441, 4349, 4563, 4996, 4407]",4349,4996,"[4864, 5120, 4864, 4864, 4864, 5120, 4608, 4608, 5120, 4608, 4352, 4608, 5120, 4608]",67328,1.02734375,2819.4298565289264,2801.5318767211947,2575.6216264374716,2804.157067591659,2831.2319662364566,0.9282519263587949,120,1234,0.1,True,False,256
kimi-k3,nvfp4,torch.float4_e2m1fn_x2,torch.float8_e4m3fn,16,forward,swiglu,64,896,14,3584,3072,131072,"[10062, 9089, 9959, 9049, 8531, 10191, 9644, 9115, 9812, 9832, 8788, 8663, 8642, 9695]",8531,10191,"[10240, 9216, 9984, 9216, 8704, 10240, 9728, 9216, 9984, 9984, 8960, 8704, 8704, 9728]",132608,1.01171875,5491.939865566501,5605.8629171936545,5153.25566551641,5352.609156061137,6014.254529034216,0.88573489528194,120,1234,0.1,True,False,256
kimi-k3,nvfp4,torch.float4_e2m1fn_x2,torch.float8_e4m3fn,16,forward,situglu,64,896,14,3584,3072,131072,"[10062, 9089, 9959, 9049, 8531, 10191, 9644, 9115, 9812, 9832, 8788, 8663, 8642, 9695]",8531,10191,"[10240, 9216, 9984, 9216, 8704, 10240, 9728, 9216, 9984, 9984, 8960, 8704, 8704, 9728]",132608,1.01171875,4864.402781722257,4917.3082422539155,4583.6487248942185,4727.678005003106,4939.309574298841,0.88573489528194,120,1234,0.1,True,False,256
kimi-k3,nvfp4,torch.float4_e2m1fn_x2,torch.float8_e4m3fn,16,backward,dswiglu,64,896,14,3584,3072,131072,"[10062, 9089, 9959, 9049, 8531, 10191, 9644, 9115, 9812, 9832, 8788, 8663, 8642, 9695]",8531,10191,"[10240, 9216, 9984, 9216, 8704, 10240, 9728, 9216, 9984, 9984, 8960, 8704, 8704, 9728]",132608,1.01171875,3080.5238915297027,3093.94055344819,2920.7886179477177,3065.518202107564,3128.364896993296,0.9387568249741047,120,1234,0.1,True,False,256
kimi-k3,nvfp4,torch.float4_e2m1fn_x2,torch.float8_e4m3fn,16,backward,dsituglu,64,896,14,3584,3072,131072,"[10062, 9089, 9959, 9049, 8531, 10191, 9644, 9115, 9812, 9832, 8788, 8663, 8642, 9695]",8531,10191,"[10240, 9216, 9984, 9216, 8704, 10240, 9728, 9216, 9984, 9984, 8960, 8704, 8704, 9728]",132608,1.01171875,2891.862827669297,2884.646167139416,2731.583434944655,2866.022267882556,2910.8194525618906,0.9387568249741047,120,1234,0.1,True,False,256
kimi-k3,nvfp4,torch.float4_e2m1fn_x2,torch.float8_e4m3fn,16,forward,swiglu,64,896,14,3584,3072,262144,"[18119, 18397, 18763, 18477, 20132, 17311, 19214, 19412, 20397, 17036, 19138, 19076, 18579, 18093]",17036,20397,"[18176, 18432, 18944, 18688, 20224, 17408, 19456, 19456, 20480, 17152, 19200, 19200, 18688, 18176]",263680,1.005859375,5503.855255009802,5576.342855709398,5071.145438223113,5287.800772634816,5726.003069768416,0.8744793838415569,120,1234,0.1,True,False,256
kimi-k3,nvfp4,torch.float4_e2m1fn_x2,torch.float8_e4m3fn,16,forward,situglu,64,896,14,3584,3072,262144,"[18119, 18397, 18763, 18477, 20132, 17311, 19214, 19412, 20397, 17036, 19138, 19076, 18579, 18093]",17036,20397,"[18176, 18432, 18944, 18688, 20224, 17408, 19456, 19456, 20480, 17152, 19200, 19200, 18688, 18176]",263680,1.005859375,4813.0079521540865,4785.381694462552,4403.164324469459,4654.1216237598255,4972.746917636956,0.8744793838415569,120,1234,0.1,True,False,256
kimi-k3,nvfp4,torch.float4_e2m1fn_x2,torch.float8_e4m3fn,16,backward,dswiglu,64,896,14,3584,3072,262144,"[18119, 18397, 18763, 18477, 20132, 17311, 19214, 19412, 20397, 17036, 19138, 19076, 18579, 18093]",17036,20397,"[18176, 18432, 18944, 18688, 20224, 17408, 19456, 19456, 20480, 17152, 19200, 19200, 18688, 18176]",263680,1.005859375,3191.655112757172,3160.2616113733975,2885.2181867021627,3137.080430307585,3202.640334883039,0.9386996686916941,120,1234,0.1,True,False,256
kimi-k3,nvfp4,torch.float4_e2m1fn_x2,torch.float8_e4m3fn,16,backward,dsituglu,64,896,14,3584,3072,262144,"[18119, 18397, 18763, 18477, 20132, 17311, 19214, 19412, 20397, 17036, 19138, 19076, 18579, 18093]",17036,20397,"[18176, 18432, 18944, 18688, 20224, 17408, 19456, 19456, 20480, 17152, 19200, 19200, 18688, 18176]",263680,1.005859375,2996.005596923309,2992.2655477607054,2894.6999614652736,2977.006787474722,3015.448945407763,0.9386996686916941,120,1234,0.1,True,False,256
