kernel,num_tokens,num_experts,topk,score_function,group_topk,dtype,test_pass,fused_ms,ref_ms,speedup,fused_gbps,ref_gbps
topk,128,8,8,pre-softmax,0,float32,forward,0.018303359746932982,0.05917344093322754,3.2329278204316005,0.7272981673340403,0.22496579191704466
topk,128,8,8,pre-softmax,0,float32,backward_raw,0.004976319968700409,0.040580158233642576,8.154652130264905,2.6750691442127055,0.3280420919838557
topk,128,256,8,pre-softmax,0,float32,forward,0.018624000549316407,0.06038496017456055,3.242319501369268,22.872851559040345,7.05447182160206
topk,128,256,8,pre-softmax,0,float32,backward_raw,0.004956800043582916,0.04061567783355713,8.193931059643665,85.93931493191455,10.488166706109904
topk,128,256,22,pre-softmax,0,float32,forward,0.022405118942260743,0.05956448078155518,2.658521069897295,19.012797972543005,7.151644644771432
topk,128,256,22,pre-softmax,0,float32,backward_raw,0.005190719962120056,0.040736641883850094,7.847975267618164,82.06645766072391,10.45702297245272
topk,128,256,36,pre-softmax,0,float32,forward,0.02264415979385376,0.0562502384185791,2.4840947480792352,18.81209123579951,7.5730167902595085
topk,128,256,36,pre-softmax,0,float32,backward_raw,0.004888319969177246,0.040588159561157224,8.30308977666792,87.14323176183113,10.495277553990542
topk,128,512,8,pre-softmax,0,float32,forward,0.030860800743103028,0.05961120128631592,1.9316155074050765,27.606801492032037,14.292079032394437
topk,128,512,8,pre-softmax,0,float32,backward_raw,0.006203200221061706,0.04067935943603516,6.557802099941359,137.34330178595812,20.943495959901913
topk,128,512,22,pre-softmax,0,float32,forward,0.028815360069274903,0.05978975772857666,2.0749266219417812,29.566453375969857,14.249397093522587
topk,128,512,22,pre-softmax,0,float32,backward_raw,0.006188480257987976,0.04073184013366699,6.581880919970793,137.66998753858758,20.916511436855117
topk,128,512,36,pre-softmax,0,float32,forward,0.028802878856658935,0.05606304168701172,1.9464388252999407,29.579265469952617,15.196606790554815
topk,128,512,36,pre-softmax,0,float32,backward_raw,0.006182399988174439,0.04064223766326904,6.573860918253208,137.80538328636547,20.962625312581576
topk,128,2304,8,pre-softmax,0,float32,forward,0.11488287925720214,0.06152256011962891,0.5355241835634267,33.3718655450538,62.3162624010635
topk,128,2304,8,pre-softmax,0,float32,backward_raw,0.01643839955329895,0.040280637741088865,2.4503989947734977,233.22562440274788,95.17863209224261
topk,128,2304,22,pre-softmax,0,float32,forward,0.06473375797271728,0.06556416034698487,1.0128279648868457,59.22498739553818,58.474873768078524
topk,128,2304,22,pre-softmax,0,float32,backward_raw,0.016448320150375367,0.040113601684570316,2.438765862886909,233.0849573056558,95.57496307978477
topk,128,2304,36,pre-softmax,0,float32,forward,0.06525919914245605,0.06624703884124755,1.0151371716443396,58.74813130377179,57.872111222772375
topk,128,2304,36,pre-softmax,0,float32,backward_raw,0.01643615961074829,0.04044576168060303,2.460779320623892,233.25740871321798,94.79005563736581
topk,8192,8,8,pre-softmax,0,float32,forward,0.017597759962081908,0.0640774393081665,3.64122703379492,48.413434541427144,13.295912090098438
topk,8192,8,8,pre-softmax,0,float32,backward_raw,0.005776320099830628,0.04045184135437012,7.003047036045706,147.49321112328613,21.061290944372786
topk,8192,256,8,pre-softmax,0,float32,forward,0.04212128162384033,0.14745183944702148,3.5006494048263916,647.2494413505539,184.8941057788256
topk,8192,256,8,pre-softmax,0,float32,backward_raw,0.008905599713325501,0.04048863887786865,4.546424741871708,3061.3295990842985,673.3487900701477
topk,8192,256,22,pre-softmax,0,float32,forward,0.0722812795639038,0.1556710433959961,2.1536841120579155,377.1789343587482,175.1319667759175
topk,8192,256,22,pre-softmax,0,float32,backward_raw,0.008866559863090515,0.04100927829742432,4.625162287364311,3074.808766981838,664.8001899051297
topk,8192,256,36,pre-softmax,0,float32,forward,0.07248960018157959,0.18631839752197266,2.570277626794226,376.0949975128684,146.32465909215892
topk,8192,256,36,pre-softmax,0,float32,backward_raw,0.008925120234489442,0.04305439949035644,4.823957365188297,3054.6340311077693,633.2216062171883
topk,8192,512,8,pre-softmax,0,float32,forward,0.07272160053253174,0.2886524772644043,3.969281137249952,749.7903181546178,188.89826450390893
topk,8192,512,8,pre-softmax,0,float32,backward_raw,0.013159040212631225,0.06766848087310791,5.142356872513669,4143.6116250835,805.7806425748968
topk,8192,512,22,pre-softmax,0,float32,forward,0.11617119789123535,0.29344064712524415,2.525932868489282,469.35861030760503,185.81594790692935
topk,8192,512,22,pre-softmax,0,float32,backward_raw,0.01309664011001587,0.0675929594039917,5.161091610992568,4163.3542299372175,806.6809395651342
topk,8192,512,36,pre-softmax,0,float32,forward,0.11869312286376953,0.32481407165527343,2.7365871233169927,459.38594153076895,167.86819524822994
topk,8192,512,36,pre-softmax,0,float32,backward_raw,0.013207679986953736,0.06760960102081298,5.118961171651365,4128.351993223608,806.4823808561551
topk,8192,2304,8,pre-softmax,0,float32,forward,0.3893056106567383,0.5892502212524414,1.5135929334755978,630.267782645308,416.4050774193636
topk,8192,2304,8,pre-softmax,0,float32,backward_raw,0.1608121681213379,0.2761257553100586,1.7170700360293194,1525.797375077133,888.6052071617886
topk,8192,2304,22,pre-softmax,0,float32,forward,0.3867343902587891,0.5982048034667968,1.5468104687211788,634.4581453845083,410.17187187066605
topk,8192,2304,22,pre-softmax,0,float32,backward_raw,0.16033920288085937,0.2761244773864746,1.7221270433260785,1530.29814038879,888.6093196894494
topk,8192,2304,36,pre-softmax,0,float32,forward,0.3712617492675781,0.6380230331420899,1.7185261729784338,660.8997142421954,384.57355182247153
topk,8192,2304,36,pre-softmax,0,float32,backward_raw,0.16036672592163087,0.2759708786010742,1.7208736850806419,1530.035502002501,889.1038983670682
topk,32768,8,8,pre-softmax,0,float32,forward,0.04316383838653565,0.10321599960327149,2.391260913335925,78.95201463508022,33.01689673208363
topk,32768,8,8,pre-softmax,0,float32,backward_raw,0.012358080148696899,0.040094399452209474,3.2443873943022807,275.7606326383426,84.99621010814774
topk,32768,256,8,pre-softmax,0,float32,forward,0.13732064247131348,0.4450774383544922,3.2411546461229936,794.1406480295279,245.0178207261611
topk,32768,256,8,pre-softmax,0,float32,backward_raw,0.026868479251861574,0.1150271987915039,4.281120554433102,4058.7300448887286,948.0532008578717
topk,32768,256,22,pre-softmax,0,float32,forward,0.2441948890686035,0.48038463592529296,1.9672182237619842,446.5773399924158,227.00955826771946
topk,32768,256,22,pre-softmax,0,float32,backward_raw,0.02684096097946167,0.11497823715209961,4.283685566998863,4062.8911939272593,948.4569141179305
topk,32768,256,36,pre-softmax,0,float32,forward,0.24450431823730467,0.6058371353149414,2.4778177321471424,446.0121800145846,180.002013153766
topk,32768,256,36,pre-softmax,0,float32,backward_raw,0.026885759830474854,0.11488832473754883,4.273203564339051,4056.1213329143216,949.1991831991496
topk,32768,512,8,pre-softmax,0,float32,forward,0.24176799774169921,0.8754621124267579,3.6210835205827636,902.120255936513,249.12992224805936
topk,32768,512,8,pre-softmax,0,float32,backward_raw,0.050257601737976075,0.24358943939208985,4.846817813991047,4339.717783134776,895.3746457330307
topk,32768,512,22,pre-softmax,0,float32,forward,0.4012937545776367,0.8830953979492188,2.2006208366703346,543.5016257094635,246.976497110612
topk,32768,512,22,pre-softmax,0,float32,backward_raw,0.050623359680175783,0.24407360076904297,4.821363147587036,4308.362964803577,893.5985182862232
topk,32768,512,36,pre-softmax,0,float32,forward,0.41333248138427736,1.0206604766845704,2.4693449526790445,527.6715908451138,213.68889359610603
topk,32768,512,36,pre-softmax,0,float32,backward_raw,0.05043200016021729,0.2438083267211914,4.834397326035798,4324.710646159315,894.5707922823079
topk,32768,2304,8,pre-softmax,0,float32,forward,1.3012870788574218,2.12548828125,1.6333738463892666,754.2279885402108,461.7607844079945
topk,32768,2304,8,pre-softmax,0,float32,backward_raw,0.6247647857666015,1.0336182403564453,1.6544118104994836,1570.9386290005384,949.5451005794356
topk,32768,2304,22,pre-softmax,0,float32,forward,1.6057571411132812,2.157906188964844,1.3438558881131641,611.217668519626,454.8238199691218
topk,32768,2304,22,pre-softmax,0,float32,backward_raw,0.6254438400268555,1.0340838623046875,1.6533600558929251,1569.2330361073784,949.117544308815
topk,32768,2304,36,pre-softmax,0,float32,forward,1.59532958984375,2.3177813720703124,1.452854248317002,615.2127699807329,423.45112780129205
topk,32768,2304,36,pre-softmax,0,float32,backward_raw,0.6255091094970703,1.0338559722900391,1.6528232068775035,1569.069292674461,949.3267556659799
topk,131072,8,8,pre-softmax,0,float32,forward,0.1539148807525635,0.2930735969543457,1.9041277589364243,88.56510776183,46.51216671054637
topk,131072,8,8,pre-softmax,0,float32,backward_raw,0.038170559406280516,0.04196959972381592,1.09952802307923,357.12046697846137,324.7943294599668
topk,131072,256,8,pre-softmax,0,float32,forward,0.5081353759765626,1.7373472595214843,3.4190637803608035,858.4476433306227,251.07681472968403
topk,131072,256,8,pre-softmax,0,float32,backward_raw,0.09445728302001953,0.49110271453857424,5.1992043264095225,4618.041108672891,888.2207389341106
topk,131072,256,22,pre-softmax,0,float32,forward,0.925926742553711,1.9088047790527343,2.061507343214043,471.1038097862224,228.52395424977558
topk,131072,256,22,pre-softmax,0,float32,backward_raw,0.09454463958740235,0.4909609603881836,5.1929010733000025,4613.774169573572,888.4771930849812
topk,131072,256,36,pre-softmax,0,float32,forward,0.9261459350585938,2.4407936096191407,2.635430894014258,470.9923128609346,178.71548593085075
topk,131072,256,36,pre-softmax,0,float32,backward_raw,0.09444479942321778,0.49066753387451173,5.195283772860539,4618.651515636183,889.0085157163876
topk,131072,512,8,pre-softmax,0,float32,forward,0.9026464080810547,3.6604928588867187,4.055289896592618,966.508285181876,238.3327233877821
topk,131072,512,8,pre-softmax,0,float32,backward_raw,0.17026111602783203,0.9294767761230469,5.459125358787783,5123.983986204983,938.6089619570087
topk,131072,512,22,pre-softmax,0,float32,forward,1.5525149536132812,3.759945068359375,2.421841451258541,561.9367658711204,232.02871747822425
topk,131072,512,22,pre-softmax,0,float32,backward_raw,0.17042848587036133,0.9299081420898437,5.4562952744718425,5118.951961256137,938.1735598522279
topk,131072,512,36,pre-softmax,0,float32,forward,1.6015484619140625,4.333865661621093,2.7060471566633395,544.7323342044538,201.30186307474767
topk,131072,512,36,pre-softmax,0,float32,backward_raw,0.17036672592163085,0.9303292846679687,5.460745222608332,5120.807641753433,937.7488663181897
topk,131072,2304,8,pre-softmax,0,float32,forward,4.946146240234375,8.392421875,1.6967597534282208,793.7226991116969,467.787320808393
topk,131072,2304,8,pre-softmax,0,float32,backward_raw,2.4730496215820312,3.993957824707031,1.6149929988675527,1587.4604818841394,982.951927963329
topk,131072,2304,22,pre-softmax,0,float32,forward,6.470265502929688,8.57263916015625,1.3249284988807064,606.755401648108,457.95331760218926
topk,131072,2304,22,pre-softmax,0,float32,backward_raw,2.475583953857422,3.993468017578125,1.6131418251259695,1585.8353492244785,983.0724890544831
topk,131072,2304,36,pre-softmax,0,float32,forward,6.488008422851562,9.227014770507813,1.4221644253742232,605.0960923806153,425.4754806016137
topk,131072,2304,36,pre-softmax,0,float32,backward_raw,2.4756556701660157,3.99391845703125,1.6132770421839078,1585.7894097755259,982.9616168273418
topk,128,8,8,softmax,0,float32,forward,0.017744959592819215,0.05946144104003906,3.3508918816643063,0.7501848584308367,0.2238761753358148
topk,128,8,8,softmax,0,float32,backward_raw,0.004953919947147369,0.05545663833618164,11.194496263129041,2.6871649404963613,0.2400433996612239
topk,128,256,8,softmax,0,float32,forward,0.017667200565338135,0.059447040557861326,3.364825136727798,24.11157321866556,7.165773030961548
topk,128,256,8,softmax,0,float32,backward_raw,0.004995839893817902,0.055759038925170895,11.161094052307377,85.2677445742674,7.6397299561004655
topk,128,256,22,softmax,0,float32,forward,0.022637119293212892,0.05950623989105225,2.6287019616004557,18.81794209246931,7.158644215798514
topk,128,256,22,softmax,0,float32,backward_raw,0.005090240240097046,0.05568831920623779,10.940214327718271,83.68642341169316,7.649431803147049
topk,128,256,36,softmax,0,float32,forward,0.022667839527130126,0.05647615909576416,2.4914663361795184,18.792439371655103,7.5427225721508
topk,128,256,36,softmax,0,float32,backward_raw,0.004976640045642852,0.056255040168762205,11.303819374683249,85.59670703388674,7.572370381783927
topk,128,512,8,softmax,0,float32,forward,0.028842880725860595,0.06017151832580567,2.0861826839597106,29.538242316972294,14.158991225498422
topk,128,512,8,softmax,0,float32,backward_raw,0.00606719970703125,0.05691872119903565,9.381382507167649,140.42194770886778,14.968150760464283
topk,128,512,22,softmax,0,float32,forward,0.02881983995437622,0.06071231842041016,2.1066153912208367,29.561857433931753,14.032868817501571
topk,128,512,22,softmax,0,float32,backward_raw,0.006106560230255127,0.05580543994903565,9.138604688208265,139.51684219520183,15.266755369692637
topk,128,512,36,softmax,0,float32,forward,0.02884416103363037,0.05671487808227539,1.9662516103744403,29.536931200968617,15.021948892565073
topk,128,512,36,softmax,0,float32,backward_raw,0.006184960007667542,0.0561568021774292,9.079574016292941,137.74834420009327,15.171234239944432
topk,128,2304,8,softmax,0,float32,forward,0.110698881149292,0.06255648136138917,0.5651049108348577,34.63319556797996,61.28631145111552
topk,128,2304,8,softmax,0,float32,backward_raw,0.014425280094146729,0.0575545597076416,3.989840012257039,265.77341826143424,66.61255023884708
topk,128,2304,22,softmax,0,float32,forward,0.05748095989227295,0.06664159774780273,1.159368212929952,66.697842332229,57.529473025373356
topk,128,2304,22,softmax,0,float32,backward_raw,0.014406399726867676,0.05594304084777832,3.883207595819069,266.1217287237926,68.53141949205028
topk,128,2304,36,softmax,0,float32,forward,0.05877439975738526,0.06804448127746582,1.1577231168390747,65.23003239209191,56.34337903711306
topk,128,2304,36,softmax,0,float32,backward_raw,0.014407360553741455,0.05630368232727051,3.9079803769226125,266.1039810657327,68.0924557956147
topk,8192,8,8,softmax,0,float32,forward,0.017589759826660157,0.0640492820739746,3.6412823543444546,48.43545383199054,13.301757215888973
topk,8192,8,8,softmax,0,float32,backward_raw,0.004981440007686615,0.05593760013580322,11.229202810731165,171.02845737083453,15.230685584144188
topk,8192,256,8,softmax,0,float32,forward,0.0411081600189209,0.14702048301696777,3.57643063930126,663.2010770477599,185.4365829886
topk,8192,256,8,softmax,0,float32,backward_raw,0.008264960050582885,0.05938623905181885,7.185302613487,3298.6216307333852,459.07901283681315
topk,8192,256,22,softmax,0,float32,forward,0.0680998420715332,0.15173824310302733,2.228173201101391,400.33831460816776,179.67109307762954
topk,8192,256,22,softmax,0,float32,backward_raw,0.008268479704856873,0.059452481269836426,7.1902554510612475,3297.217502267779,458.56750496689585
topk,8192,256,36,softmax,0,float32,forward,0.0703388786315918,0.18733375549316406,2.6633031281938226,387.5946920165313,145.5315723972386
topk,8192,256,36,softmax,0,float32,backward_raw,0.008264960050582885,0.05943359851837158,7.191032764178943,3298.6216307333852,458.71319724267937
topk,8192,512,8,softmax,0,float32,forward,0.0697660779953003,0.2842243194580078,4.07396155302229,781.5539237231177,191.84126152180247
topk,8192,512,8,softmax,0,float32,backward_raw,0.01235327959060669,0.0942409610748291,7.6288211874107485,4413.8847178251335,578.5801776438311
topk,8192,512,22,softmax,0,float32,forward,0.11529855728149414,0.28862239837646486,2.5032611437783348,472.9109651118906,188.91795060506365
topk,8192,512,22,softmax,0,float32,backward_raw,0.012340799570083619,0.09419424057006837,7.632750214857442,4418.348397147701,578.8671544035617
topk,8192,512,36,softmax,0,float32,forward,0.11850560188293457,0.3216835021972656,2.7145003872056592,460.1128649923512,169.50186014377297
topk,8192,512,36,softmax,0,float32,backward_raw,0.012357439994812012,0.09419903755187989,7.622860203361473,4412.398686369626,578.8376762338995
topk,8192,2304,8,softmax,0,float32,forward,0.3814236831665039,0.5225936126708984,1.37011317265994,643.2919475870339,469.5173803330025
topk,8192,2304,8,softmax,0,float32,backward_raw,0.15136672019958497,0.3874905776977539,2.559945655074162,1621.0087902840928,633.2200010070652
topk,8192,2304,22,softmax,0,float32,forward,0.408059196472168,0.5290921783447265,1.2966064309270229,601.3019339382428,463.75054110161665
topk,8192,2304,22,softmax,0,float32,backward_raw,0.1513055992126465,0.38743038177490235,2.560581920239472,1621.6636084640786,633.318385811463
topk,8192,2304,36,softmax,0,float32,forward,0.4070275115966797,0.5681980895996094,1.3959697401551379,602.8260424890689,431.83317313316195
topk,8192,2304,36,softmax,0,float32,backward_raw,0.15130720138549805,0.3874716949462891,2.5608278482337066,1621.6464368728784,633.2508598699384
topk,32768,8,8,softmax,0,float32,forward,0.043196158409118654,0.1045132827758789,2.419504109277835,78.89294153714842,32.607070694621015
topk,32768,8,8,softmax,0,float32,backward_raw,0.01235200047492981,0.05563936233520508,4.504481881144135,275.8963624488822,61.249300081279216
topk,32768,256,8,softmax,0,float32,forward,0.13146016120910645,0.44484577178955076,3.3838827497096937,829.5433612509963,245.1454209878175
topk,32768,256,8,softmax,0,float32,backward_raw,0.026666240692138674,0.1678348731994629,6.293908284152755,4089.511726043521,649.7571209196647
topk,32768,256,22,softmax,0,float32,forward,0.238768310546875,0.4704857635498047,1.9704698771466111,456.7268736384133,231.78576792038464
topk,32768,256,22,softmax,0,float32,backward_raw,0.026668798923492432,0.16772863388061524,6.289320878746579,4089.119435518959,650.1686770883749
topk,32768,256,36,softmax,0,float32,forward,0.24278463363647462,0.6103113555908203,2.51379729618576,449.17135968038724,178.68241021737305
topk,32768,256,36,softmax,0,float32,backward_raw,0.02666368007659912,0.16768352508544923,6.288836522330372,4089.90445755113,650.3435799338585
topk,32768,512,8,softmax,0,float32,forward,0.23052127838134764,0.8472787475585938,3.675490408121693,946.1330838153448,257.41682843864436
topk,32768,512,8,softmax,0,float32,backward_raw,0.04836319923400879,0.34628704071044925,7.160135106755753,4509.705963509345,629.835316830032
topk,32768,512,22,softmax,0,float32,forward,0.39767200469970704,0.8636812591552734,2.171843250086117,548.4515012936255,252.52812387444555
topk,32768,512,22,softmax,0,float32,backward_raw,0.04864319801330566,0.34642303466796875,7.121715857851485,4483.74730502589,629.588064803609
topk,32768,512,36,softmax,0,float32,forward,0.40821247100830077,0.999454116821289,2.4483674257981347,534.2899188289741,218.2229322279122
topk,32768,512,36,softmax,0,float32,backward_raw,0.04850048065185547,0.34631488800048826,7.140442390383597,4496.941165708964,629.7846715723423
topk,32768,2304,8,softmax,0,float32,forward,1.2583126068115233,1.8463859558105469,1.4673507567321926,779.9867303936257,531.5612009024109
topk,32768,2304,8,softmax,0,float32,backward_raw,0.5875107192993164,1.4504678344726563,2.4688363749388764,1670.5518789010832,676.655567723658
topk,32768,2304,22,softmax,0,float32,forward,1.654722900390625,1.8821395874023437,1.1374349064474985,593.1308110671026,521.4635208616928
topk,32768,2304,22,softmax,0,float32,backward_raw,0.5875369644165039,1.4498439025878906,2.467664147783047,1670.4772558007767,676.9467625088024
topk,32768,2304,36,softmax,0,float32,forward,1.7177052307128906,2.042512969970703,1.189093992059982,571.3827485945692,480.5194142850792
topk,32768,2304,36,softmax,0,float32,backward_raw,0.5874604797363281,1.45017822265625,2.4685545201391905,1670.694744334998,676.7907010782956
topk,131072,8,8,softmax,0,float32,forward,0.15720319747924805,0.29305023193359375,1.8641493088731766,86.7125365042238,46.51587514555848
topk,131072,8,8,softmax,0,float32,backward_raw,0.03692192077636719,0.05582176208496094,1.5118867304620585,369.19769376476154,244.196662571361
topk,131072,256,8,softmax,0,float32,forward,0.49174400329589846,1.730751953125,3.519619845945635,887.0624005098839,252.03358298246903
topk,131072,256,8,softmax,0,float32,backward_raw,0.0904911994934082,0.6847277069091797,7.566787828456826,4820.442412543945,637.0526730530817
topk,131072,256,22,softmax,0,float32,forward,0.9056777954101562,1.855006103515625,2.0481965141648906,481.636646289262,235.1515799184139
topk,131072,256,22,softmax,0,float32,backward_raw,0.0904911994934082,0.6844473266601563,7.563689402857508,4820.442412543945,637.3136383314227
topk,131072,256,36,softmax,0,float32,forward,0.922828140258789,2.4583319091796874,2.6639108648012146,472.6856464061381,177.44048896373667
topk,131072,256,36,softmax,0,float32,backward_raw,0.09044544219970703,0.6846623992919922,7.569893879010854,4822.8811246987625,637.1134393404418
topk,131072,512,8,softmax,0,float32,forward,0.8572998046875,3.584429931640625,4.181069343585363,1017.6314367854193,243.39023181872824
topk,131072,512,8,softmax,0,float32,backward_raw,0.16561920166015626,1.3018223571777343,7.8603346962692155,5267.597133997542,670.1492159739361
topk,131072,512,22,softmax,0,float32,forward,1.5374000549316407,3.688070983886719,2.3989012957663163,567.4614289244261,236.5505533411926
topk,131072,512,22,softmax,0,float32,backward_raw,0.16563615798950196,1.3013615417480469,7.856747931997598,5267.057885122485,670.3865175146739
topk,131072,512,36,softmax,0,float32,forward,1.5793519592285157,4.267224731445313,2.7018833303817686,552.3881025393217,204.44557924759496
topk,131072,512,36,softmax,0,float32,backward_raw,0.1656399917602539,1.3015939331054687,7.857969076630878,5266.935978013857,670.2668242456442
topk,131072,2304,8,softmax,0,float32,forward,4.7550051879882815,7.29106201171875,1.5333447017338393,825.6286562877405,538.4494793337439
topk,131072,2304,8,softmax,0,float32,backward_raw,2.3237738037109374,5.6078125,2.413235096739896,1689.4366128624938,700.0712923265534
topk,131072,2304,22,softmax,0,float32,forward,6.643414306640625,7.477368774414063,1.1255310039808648,590.9413989243121,525.0334258534195
topk,131072,2304,22,softmax,0,float32,backward_raw,2.3234690856933593,5.605465087890625,2.412541282518449,1689.6581788728467,700.3644626172012
topk,131072,2304,36,softmax,0,float32,forward,6.990654296875,8.138798217773438,1.1642398368077918,561.5881400050012,482.3646488036431
topk,131072,2304,36,softmax,0,float32,backward_raw,2.323672027587891,5.606046752929688,2.4125809005624155,1689.5106096686475,700.2917950957801
topk,128,8,8,sigmoid,0,float32,forward,0.018872640132904052,0.09794976234436036,5.190040272827912,0.7053597115324002,0.13590640427691109
topk,128,8,8,sigmoid,0,float32,backward_raw,0.005650240182876587,0.09680512428283691,17.132921990858197,2.3560060402994663,0.13751338163779575
topk,128,256,8,sigmoid,0,float32,forward,0.019095040559768676,0.09870559692382813,5.169174509730598,22.30861980453214,4.315702587045141
topk,128,256,8,sigmoid,0,float32,backward_raw,0.005557119846343994,0.09698816299438477,17.452955069556918,76.6555359212296,4.392123604038802
topk,128,256,22,sigmoid,0,float32,forward,0.022996480464935302,0.09782208442687988,4.25378503358536,18.523878062538056,4.3546812817959815
topk,128,256,22,sigmoid,0,float32,backward_raw,0.005755839943885803,0.09744383811950684,16.929560076286954,74.00900722621824,4.371584783817379
topk,128,256,36,sigmoid,0,float32,forward,0.02374847888946533,0.09424223899841308,3.9683484334745462,17.937317248093883,4.520096344561307
topk,128,256,36,sigmoid,0,float32,backward_raw,0.0056137597560882565,0.09689120292663574,17.25959199118824,75.88212152078832,4.3965188493174905
topk,128,512,8,sigmoid,0,float32,forward,0.032916479110717774,0.09767264366149903,2.9672870944965775,25.88271962910501,8.722688032819491
topk,128,512,8,sigmoid,0,float32,backward_raw,0.006248000264167786,0.09732159614562988,15.57643918547318,136.35850895942295,8.754151532051878
topk,128,512,22,sigmoid,0,float32,forward,0.03130880117416382,0.0980185604095459,3.1307030845509125,27.21177330491492,8.69190484373843
topk,128,512,22,sigmoid,0,float32,backward_raw,0.00654528021812439,0.09713215827941894,14.840030532299052,130.16524451326535,8.771224845525964
topk,128,512,36,sigmoid,0,float32,forward,0.03297024011611938,0.09528032302856446,2.8898886599852585,25.840515476969998,8.941699323842396
topk,128,512,36,sigmoid,0,float32,backward_raw,0.006768320202827454,0.09731936454772949,14.378658460495782,125.87584134156239,8.754352270581865
topk,128,2304,8,sigmoid,0,float32,forward,0.12520000457763672,0.09753600120544434,0.7790415146906973,30.62185191552944,39.307086128378195
topk,128,2304,8,sigmoid,0,float32,backward_raw,0.018490240573883057,0.09699520111083984,5.245751169286722,207.3448414411229,39.52624414499556
topk,128,2304,22,sigmoid,0,float32,forward,0.08207327842712403,0.09779007911682129,1.1914971716848475,46.712597248131445,39.204958566604965
topk,128,2304,22,sigmoid,0,float32,backward_raw,0.018511680364608766,0.09684288024902343,5.23144729930465,207.10469954579003,39.58841362567447
topk,128,2304,36,sigmoid,0,float32,forward,0.08205663681030273,0.09351840019226074,1.1396811254701449,46.722070865066634,40.995739791507646
topk,128,2304,36,sigmoid,0,float32,backward_raw,0.01850751996040344,0.09687007904052734,5.23409291184229,207.151255716729,39.5772981499895
topk,8192,8,8,sigmoid,0,float32,forward,0.018898240327835082,0.09795680046081542,5.183382090687859,45.08186927568819,8.697384928786066
topk,8192,8,8,sigmoid,0,float32,backward_raw,0.00583296000957489,0.09692095756530762,16.616084699056813,146.06100480741884,8.790338244707538
topk,8192,256,8,sigmoid,0,float32,forward,0.04115231990814209,0.17624191284179688,4.282672598657724,662.4894066933502,154.69064968939904
topk,8192,256,8,sigmoid,0,float32,backward_raw,0.010302400588989258,0.09718303680419922,9.433047760544671,2646.274114902641,280.5322502416593
topk,8192,256,22,sigmoid,0,float32,forward,0.06886367797851563,0.18547840118408204,2.6934140991125735,395.897762075758,146.98733559247296
topk,8192,256,22,sigmoid,0,float32,backward_raw,0.010312960147857667,0.09702848434448243,9.408402917627715,2643.5645643082794,280.97909788230476
topk,8192,256,36,sigmoid,0,float32,forward,0.07033408164978028,0.21806367874145507,3.1003984643927787,387.62112706258915,125.02300317662743
topk,8192,256,36,sigmoid,0,float32,backward_raw,0.010315519571304322,0.09636192321777344,9.341451252327873,2642.908659282665,282.92270525139844
topk,8192,512,8,sigmoid,0,float32,forward,0.07192863941192627,0.3219635009765625,4.47615169157751,758.0562130160246,169.35445115553406
topk,8192,512,8,sigmoid,0,float32,backward_raw,0.014407360553741455,0.1319222354888916,9.156585968457119,3784.589952934865,413.3188904655221
topk,8192,512,22,sigmoid,0,float32,forward,0.12213279724121094,0.32330047607421875,2.6471225041681787,446.44807317654266,168.65410364407478
topk,8192,512,22,sigmoid,0,float32,backward_raw,0.016304960250854494,0.132096004486084,8.101583963025071,3344.1327768427072,412.77517978028004
topk,8192,512,36,sigmoid,0,float32,forward,0.1252617645263672,0.35932830810546873,2.8686192427844275,435.2960554736754,151.74410356780393
topk,8192,512,36,sigmoid,0,float32,backward_raw,0.016458239555358887,0.13183679580688476,8.01038260279533,3312.9881125254415,413.5867506964437
topk,8192,2304,8,sigmoid,0,float32,forward,0.4765865707397461,0.6185315322875976,1.2978366791316172,514.842001567832,396.692442004577
topk,8192,2304,8,sigmoid,0,float32,backward_raw,0.17599327087402344,0.5019065475463867,2.8518507841453387,1394.18275926944,488.86946225247823
topk,8192,2304,22,sigmoid,0,float32,forward,0.5240185546875,0.6263391876220703,1.1952614693111192,468.2406411092164,391.74745704727167
topk,8192,2304,22,sigmoid,0,float32,backward_raw,0.17863103866577149,0.5019148635864258,2.8097852833153825,1373.5954615317148,488.8613623568248
topk,8192,2304,36,sigmoid,0,float32,forward,0.5255382537841797,0.663861083984375,1.2632022106938758,466.8866295330874,369.6056146676841
topk,8192,2304,36,sigmoid,0,float32,backward_raw,0.18205951690673827,0.5021174240112305,2.757985039960558,1347.7284141410278,488.6641495924509
topk,32768,8,8,sigmoid,0,float32,forward,0.03704479932785034,0.12887295722961425,3.47884074331393,91.99326388138797,26.44365484628524
topk,32768,8,8,sigmoid,0,float32,backward_raw,0.012361600399017333,0.09644224166870118,7.801760173089538,275.68210344923494,35.33588540700596
topk,32768,256,8,sigmoid,0,float32,forward,0.1394966411590576,0.51578369140625,3.6974631584006414,781.7529016749318,211.4295310553097
topk,32768,256,8,sigmoid,0,float32,backward_raw,0.030463678836822508,0.2345404815673828,7.69902029310674,3579.735217933862,464.9598366611595
topk,32768,256,22,sigmoid,0,float32,forward,0.2558073616027832,0.5478883361816407,2.141800504679767,426.3047916867045,199.04038249838956
topk,32768,256,22,sigmoid,0,float32,backward_raw,0.030799999237060546,0.23467039108276366,7.619168730380782,3540.646321470739,464.70244284690995
topk,32768,256,36,sigmoid,0,float32,forward,0.2606732749938965,0.6948262023925781,2.6655060915195357,418.34708219533974,156.94846225500498
topk,32768,256,36,sigmoid,0,float32,backward_raw,0.03079967975616455,0.23483488082885742,7.624588394684697,3540.683048114267,464.3769427058609
topk,32768,512,8,sigmoid,0,float32,forward,0.2601683235168457,0.9398585510253906,3.612501853879746,838.3180744364444,232.06024753623572
topk,32768,512,8,sigmoid,0,float32,backward_raw,0.055348482131958004,0.4568912124633789,8.254810156746315,3940.5562645785308,477.36485633871024
topk,32768,512,22,sigmoid,0,float32,forward,0.47643199920654294,0.9639775848388672,2.023326700230652,457.78580860066785,226.25402439876956
topk,32768,512,22,sigmoid,0,float32,backward_raw,0.057270078659057616,0.45700416564941404,7.979806844164968,3808.3378459880205,477.24687080274026
topk,32768,512,36,sigmoid,0,float32,forward,0.4889468765258789,1.1050723266601563,2.260107139884075,446.0685167879505,197.3660933661889
topk,32768,512,36,sigmoid,0,float32,backward_raw,0.05741951942443848,0.4565599822998047,7.951302742974316,3798.4262178824897,477.71118025140436
topk,32768,2304,8,sigmoid,0,float32,forward,1.5821469116210938,2.152961883544922,1.360785062203207,620.33881227526,455.86832888280503
topk,32768,2304,8,sigmoid,0,float32,backward_raw,0.6856658935546875,1.855482940673828,2.7061035966868285,1431.4072571289707,528.95508467654
topk,32768,2304,22,sigmoid,0,float32,forward,2.190648651123047,2.1992262268066405,1.0039155414900496,448.02580984259896,446.2783882971091
topk,32768,2304,22,sigmoid,0,float32,backward_raw,0.6988674926757813,1.8550950622558593,2.65443032004992,1404.3679900494706,529.0656829232795
topk,32768,2304,36,sigmoid,0,float32,forward,2.2803932189941407,2.3711712646484373,1.0398080668273246,430.39381446368077,413.9165949894039
topk,32768,2304,36,sigmoid,0,float32,backward_raw,0.7094505310058594,1.8550810241699218,2.6148137792493955,1383.4187065988594,529.0696865594693
topk,131072,8,8,sigmoid,0,float32,forward,0.13324159622192383,0.32052417755126955,2.4055864432711584,102.3065498051805,42.52873559848561
topk,131072,8,8,sigmoid,0,float32,backward_raw,0.036922879219055176,0.0970355224609375,2.628059471885913,369.1881101451334,140.47935904593572
topk,131072,256,8,sigmoid,0,float32,forward,0.517690544128418,1.9632681274414063,3.792358484636334,842.6030201776191,222.1844331413253
topk,131072,256,8,sigmoid,0,float32,backward_raw,0.10433279991149902,0.8857577514648437,8.489734313813043,4180.925043418905,492.46830217247424
topk,131072,256,22,sigmoid,0,float32,forward,0.9557421112060547,2.135132141113281,2.2340044621649553,456.4072367278532,204.30005600147845
topk,131072,256,22,sigmoid,0,float32,backward_raw,0.10653280258178711,0.8856086730957031,8.31301394155857,4094.585005074993,492.5512015089099
topk,131072,256,36,sigmoid,0,float32,forward,0.9774320220947266,2.750815124511719,2.8143288354892135,446.2792359361902,158.57394854095426
topk,131072,256,36,sigmoid,0,float32,backward_raw,0.1067369556427002,0.886145248413086,8.302140932138249,4086.7533964543286,492.25295376933195
topk,131072,512,8,sigmoid,0,float32,forward,0.9591490936279297,3.87478515625,4.039815271673598,909.572075703201,225.1518979298247
topk,131072,512,8,sigmoid,0,float32,backward_raw,0.18867008209228517,1.66997314453125,8.851287528005672,4624.025294976397,522.4127315202311
topk,131072,512,22,sigmoid,0,float32,forward,1.8334713745117188,4.00188232421875,2.182680558775842,475.82702633267854,218.00122075561367
topk,131072,512,22,sigmoid,0,float32,backward_raw,0.1935398483276367,1.6697453308105468,8.627398157220286,4507.677563759993,522.484007532156
topk,131072,512,36,sigmoid,0,float32,forward,1.883205108642578,4.6071826171875,2.4464582195767175,463.26086733528484,189.35981151373903
topk,131072,512,36,sigmoid,0,float32,backward_raw,0.19626399993896484,1.6700125122070313,8.50901088700108,4445.110831692557,522.4004165376257
topk,131072,2304,8,sigmoid,0,float32,forward,5.908175659179688,8.457660522460937,1.4315181217268054,664.4806739793314,464.17901659378543
topk,131072,2304,8,sigmoid,0,float32,backward_raw,2.7157489013671876,7.132635498046875,2.6263972690759805,1445.5933470224743,550.4092484573224
topk,131072,2304,22,sigmoid,0,float32,forward,8.923012084960938,8.694715576171875,0.9744148605184746,439.9712234635157,451.5235155890503
topk,131072,2304,22,sigmoid,0,float32,backward_raw,2.7683291625976563,7.132595825195312,2.576498460357386,1418.13646911705,550.4123099380158
topk,131072,2304,36,sigmoid,0,float32,forward,9.267506713867187,9.38972412109375,1.0131877333354058,423.6164769242229,418.10265066048606
topk,131072,2304,36,sigmoid,0,float32,backward_raw,2.811254577636719,7.1325225830078125,2.5371315140743205,1396.482757282082,550.4179619918491
topk,128,8,8,sqrtsoftplus,0,float32,forward,0.018064639568328857,0.09401472091674805,5.204350773849692,0.7369092502315273,0.1415948467452033
topk,128,8,8,sqrtsoftplus,0,float32,backward_raw,0.004982079863548278,0.1052195167541504,21.11959656126672,2.6719764364674563,0.1265164525617811
topk,128,256,8,sqrtsoftplus,0,float32,forward,0.019929280281066896,0.0938435173034668,4.708826208471738,21.374780924963506,4.53930129901752
topk,128,256,8,sqrtsoftplus,0,float32,backward_raw,0.008237760066986084,0.10564160346984863,12.82406899579673,51.71114435672718,4.03235075962834
topk,128,256,22,sqrtsoftplus,0,float32,forward,0.023716480731964112,0.09404704093933106,3.965472027752341,17.96151818705024,4.529477969166501
topk,128,256,22,sqrtsoftplus,0,float32,backward_raw,0.008247680068016051,0.10529312133789062,12.766392545488065,51.648948126872334,4.04569638156131
topk,128,256,36,sqrtsoftplus,0,float32,forward,0.02470560073852539,0.09096287727355958,3.681872715271157,17.242406064456855,4.683053271489048
topk,128,256,36,sqrtsoftplus,0,float32,backward_raw,0.008238080143928527,0.10541536331176758,12.79610800939571,51.709135205967925,4.041004903053321
topk,128,512,8,sqrtsoftplus,0,float32,forward,0.03385312080383301,0.09447839736938476,2.7908327246062195,25.166601476326406,9.017595807314951
topk,128,512,8,sqrtsoftplus,0,float32,backward_raw,0.011582080125808716,0.10607999801635742,9.15897635520376,73.55915265182225,8.031372699202233
topk,128,512,22,sqrtsoftplus,0,float32,forward,0.03294975996017456,0.09487199783325195,2.8792925334788797,25.856576831811505,8.980184031724809
topk,128,512,22,sqrtsoftplus,0,float32,backward_raw,0.01235360026359558,0.1056287956237793,8.550446296619564,68.96515848182626,8.065679391389404
topk,128,512,36,sqrtsoftplus,0,float32,forward,0.032956159114837645,0.09013855934143067,2.735105114262182,25.851556215372916,9.451759671162252
topk,128,512,36,sqrtsoftplus,0,float32,backward_raw,0.012360639572143554,0.10528448104858398,8.517721144936337,68.92588324636779,8.092056792366726
topk,128,2304,8,sqrtsoftplus,0,float32,forward,0.13129599571228026,0.09411616325378418,0.7168243231120976,29.20009844322629,40.735362210442105
topk,128,2304,8,sqrtsoftplus,0,float32,backward_raw,0.03490432024002075,0.10534815788269043,3.018198239021996,109.83901057623694,36.392245266112376
topk,128,2304,22,sqrtsoftplus,0,float32,forward,0.08716511726379395,0.09389823913574219,1.077245601030643,43.9838334456355,40.82990304490865
topk,128,2304,22,sqrtsoftplus,0,float32,backward_raw,0.036945281028747556,0.10555423736572266,2.8570424808405077,103.77119602952355,36.321194635858305
topk,128,2304,36,sqrtsoftplus,0,float32,forward,0.08824543952941895,0.09661215782165528,1.0948119057126693,43.445372593128546,39.6829559182111
topk,128,2304,36,sqrtsoftplus,0,float32,backward_raw,0.03897759914398193,0.10484671592712402,2.689922371560747,98.36049639275794,36.56629553056106
topk,8192,8,8,sqrtsoftplus,0,float32,forward,0.01843808054924011,0.09420607566833496,5.109321190823058,46.20697895991739,9.043662990479158
topk,8192,8,8,sqrtsoftplus,0,float32,backward_raw,0.0062217599153518675,0.10530207633972168,16.924805484681965,136.93360264477798,8.090704662379231
topk,8192,256,8,sqrtsoftplus,0,float32,forward,0.043190717697143555,0.18337152481079103,4.245623471612707,631.2230371157517,148.6761700222042
topk,8192,256,8,sqrtsoftplus,0,float32,backward_raw,0.018498560190200807,0.11206975936889649,6.058296333152615,1473.789079781568,243.26790878759115
topk,8192,256,22,sqrtsoftplus,0,float32,forward,0.07271488189697266,0.1913711929321289,2.6318022932812637,374.929798258189,142.4612324471897
topk,8192,256,22,sqrtsoftplus,0,float32,backward_raw,0.020176639556884767,0.11216544151306153,5.559173577781832,1351.214899940917,243.06039036832266
topk,8192,256,36,sqrtsoftplus,0,float32,forward,0.07529664039611816,0.22893375396728516,3.040424549660088,362.07426860714907,119.08674683199361
topk,8192,256,36,sqrtsoftplus,0,float32,backward_raw,0.019486080408096313,0.11202655792236328,5.749055509173468,1399.1000462397992,243.36172159189078
topk,8192,512,8,sqrtsoftplus,0,float32,forward,0.0759113597869873,0.3303907012939453,4.352322264033278,718.2844853919586,165.03476576808617
topk,8192,512,8,sqrtsoftplus,0,float32,backward_raw,0.029765119552612306,0.16782560348510742,5.638331241655583,1831.874113712894,324.89650486994105
topk,8192,512,22,sqrtsoftplus,0,float32,forward,0.12882495880126954,0.33344799041748047,2.5883803380979185,423.25611828150386,163.52160926725912
topk,8192,512,22,sqrtsoftplus,0,float32,backward_raw,0.03302687883377075,0.16780704498291016,5.080923505593982,1650.9568547012063,324.9324365705447
topk,8192,512,36,sqrtsoftplus,0,float32,forward,0.1314147186279297,0.3695929718017578,2.812416871265194,414.9151066889059,147.52973178625976
topk,8192,512,36,sqrtsoftplus,0,float32,backward_raw,0.03358207941055298,0.16781280517578126,4.997093929896641,1623.6621721186666,324.9212832291608
topk,8192,2304,8,sqrtsoftplus,0,float32,forward,0.488633918762207,0.6538015747070313,1.3380192197120127,502.1484890397209,375.2924335031603
topk,8192,2304,8,sqrtsoftplus,0,float32,backward_raw,0.29967584609985354,0.6140886306762695,2.049176263847611,818.7739759254489,399.5624926808823
topk,8192,2304,22,sqrtsoftplus,0,float32,forward,0.5269193649291992,0.6595299530029297,1.251671502131164,465.66287050955,372.0328134951439
topk,8192,2304,22,sqrtsoftplus,0,float32,backward_raw,0.3139446449279785,0.614048957824707,1.9559147376620325,781.560660339625,399.58830785939546
topk,8192,2304,36,sqrtsoftplus,0,float32,forward,0.5413411331176757,0.702669448852539,1.2980159937334634,453.25723280418566,349.19233275430514
topk,8192,2304,36,sqrtsoftplus,0,float32,backward_raw,0.32569087982177736,0.6141116714477539,1.8855660673820664,753.3732112310549,399.5475015505788
topk,32768,8,8,sqrtsoftplus,0,float32,forward,0.03704639911651611,0.13224991798400879,3.5698454138029523,91.98929130147751,25.768424298093464
topk,32768,8,8,sqrtsoftplus,0,float32,backward_raw,0.014437439441680909,0.1049721622467041,7.270829614263129,236.04407234162787,32.4645308533406
topk,32768,256,8,sqrtsoftplus,0,float32,forward,0.145065279006958,0.5279510498046875,3.639403263267184,751.7436615192347,206.5568465870901
topk,32768,256,8,sqrtsoftplus,0,float32,backward_raw,0.0574067211151123,0.28340192794799807,4.936737762460232,1899.6365213287215,384.79591437363166
topk,32768,256,22,sqrtsoftplus,0,float32,forward,0.2675116729736328,0.5599027252197266,2.093002966920674,407.65288029411954,194.76937526461222
topk,32768,256,22,sqrtsoftplus,0,float32,backward_raw,0.06154079914093018,0.2836489677429199,4.609120643580785,1772.0261277444258,384.4607821694497
topk,32768,256,36,sqrtsoftplus,0,float32,forward,0.27346464157104494,0.7107373046875,2.5990098778560133,398.7788087465369,153.43489539774248
topk,32768,256,36,sqrtsoftplus,0,float32,backward_raw,0.06205952167510986,0.2833017539978027,4.565000605079208,1757.2147038274277,384.9319761036347
topk,32768,512,8,sqrtsoftplus,0,float32,forward,0.268569278717041,0.9717718505859375,3.6183284075829687,812.0951474490485,224.43931450421474
topk,32768,512,8,sqrtsoftplus,0,float32,backward_raw,0.09836671829223632,0.5570166397094727,5.662653480566869,2217.252052183325,391.5570782836183
topk,32768,512,22,sqrtsoftplus,0,float32,forward,0.5075107192993165,0.9891299438476563,1.948983353914725,429.75212090322,220.50066258391618
topk,32768,512,22,sqrtsoftplus,0,float32,backward_raw,0.11061471939086914,0.5572943878173828,5.038157587763004,1971.743084474196,391.3619314455924
topk,32768,512,36,sqrtsoftplus,0,float32,forward,0.5183014297485351,1.1337596893310546,2.1874523670157,420.8049514851187,192.3721667408077
topk,32768,512,36,sqrtsoftplus,0,float32,backward_raw,0.11478495597839355,0.5572592163085938,4.854810559090069,1900.1079552711994,391.38663231945634
topk,32768,2304,8,sqrtsoftplus,0,float32,forward,1.626455078125,2.28704345703125,1.4061522434838996,603.43943660064,429.14232039736413
topk,32768,2304,8,sqrtsoftplus,0,float32,backward_raw,1.1809232330322266,2.2603605651855467,1.9140622370360827,831.1015555853802,434.20821930656626
topk,32768,2304,22,sqrtsoftplus,0,float32,forward,2.2096316528320314,2.3296453857421877,1.054313909178635,444.17680871926194,421.2946493945989
topk,32768,2304,22,sqrtsoftplus,0,float32,backward_raw,1.2369500732421874,2.2606988525390626,1.8276395316534584,793.4573571166559,434.1432450844495
topk,32768,2304,36,sqrtsoftplus,0,float32,forward,2.3187849426269533,2.501920623779297,1.0789791574827414,423.26785807402,392.28548127055956
topk,32768,2304,36,sqrtsoftplus,0,float32,backward_raw,1.2834288024902343,2.2607078552246094,1.7614594988348107,764.7226975860766,434.1415162210279
topk,131072,8,8,sqrtsoftplus,0,float32,forward,0.13528096199035644,0.3338489532470703,2.4678191841278365,100.76427458411868,40.83130370012511
topk,131072,8,8,sqrtsoftplus,0,float32,backward_raw,0.051084160804748535,0.10549504280090333,2.0651223615891725,266.84372974436496,129.21448854925038
topk,131072,256,8,sqrtsoftplus,0,float32,forward,0.5387513732910156,2.02563232421875,3.759864799684827,809.6640447250888,215.34392534352824
topk,131072,256,8,sqrtsoftplus,0,float32,backward_raw,0.20681503295898437,1.0776070404052733,5.2104869988778075,2109.167838328797,404.7928415871785
topk,131072,256,22,sqrtsoftplus,0,float32,forward,1.0060889434814453,2.1965231323242187,2.1832295708602305,433.56764710141624,198.5900396771298
topk,131072,256,22,sqrtsoftplus,0,float32,backward_raw,0.22524768829345704,1.0772064208984375,4.7823195392577444,1936.5686693827477,404.94338646457715
topk,131072,256,36,sqrtsoftplus,0,float32,forward,1.0289523315429687,2.8259310913085938,2.7464159462770836,423.9337456438662,154.35890044934072
topk,131072,256,36,sqrtsoftplus,0,float32,backward_raw,0.22730495452880858,1.0777996826171874,4.741646238426305,1919.041390471386,404.72049030555536
topk,131072,512,8,sqrtsoftplus,0,float32,forward,0.997922592163086,3.988575439453125,3.9968785863516056,874.2313670932756,218.72852732594097
topk,131072,512,8,sqrtsoftplus,0,float32,backward_raw,0.3545929718017578,2.031222686767578,5.72832190228286,2460.328605970625,429.502504911627
topk,131072,512,22,sqrtsoftplus,0,float32,forward,1.970911407470703,4.118941955566406,2.0898666170146627,442.6455845215195,211.8056630589328
topk,131072,512,22,sqrtsoftplus,0,float32,backward_raw,0.4016243362426758,2.0309762573242187,5.056905356693899,2172.2170527855055,429.55461879667376
topk,131072,512,36,sqrtsoftplus,0,float32,forward,2.0218605041503905,4.721083984375,2.3350196389334266,431.4913072435722,184.79129684779255
topk,131072,512,36,sqrtsoftplus,0,float32,backward_raw,0.4198876953125,2.0311830139160154,4.8374435273801355,2077.7346936797185,429.5108939090765
topk,131072,2304,8,sqrtsoftplus,0,float32,forward,6.108286743164062,8.958073120117188,1.4665443023188773,642.711894361138,438.24921848245003
topk,131072,2304,8,sqrtsoftplus,0,float32,backward_raw,4.6750576782226565,8.699193115234374,1.8607670137968428,839.7476168663056,451.2911130947147
topk,131072,2304,22,sqrtsoftplus,0,float32,forward,8.908571166992187,9.189611206054687,1.0315471509172875,440.68442294607564,427.20725131585476
topk,131072,2304,22,sqrtsoftplus,0,float32,backward_raw,4.889833984375,8.699799194335938,1.779160442283996,802.86336029909,451.25967350556346
topk,131072,2304,36,sqrtsoftplus,0,float32,forward,9.44898193359375,9.888889770507813,1.0465561094312255,415.480585272626,396.9979072583392
topk,131072,2304,36,sqrtsoftplus,0,float32,backward_raw,5.072567749023437,8.698914794921874,1.7148937629461087,773.9410764411776,451.3055520778047
aux_loss,128,8,8,softmax,0,float32,forward,0.014759680032730102,0.03670815944671631,2.487056586952745,0.9019165707169924,0.3626441695973076
aux_loss,128,8,8,softmax,0,float32,backward_raw,0.004781120121479034,0.024582719802856444,5.141623548092703,2.5701090304752103,0.49986332263251715
aux_loss,128,256,8,softmax,0,float32,forward,0.01854591965675354,0.03748608112335205,2.021257603674639,22.969149434704732,11.363791232224385
aux_loss,128,256,8,softmax,0,float32,backward_raw,0.004557760059833526,0.024844799041748047,5.451098503560872,86.2739580052317,15.826893964376932
aux_loss,128,256,22,softmax,0,float32,forward,0.01857632040977478,0.03701760053634644,1.9927305149661358,22.93155967399491,11.507607025521265
aux_loss,128,256,22,softmax,0,float32,backward_raw,0.004860799908638001,0.02461280107498169,5.063528953587027,80.89532739276639,15.976076790369643
aux_loss,128,256,36,softmax,0,float32,forward,0.018579519987106323,0.03903775930404663,2.1011177539106374,22.927610632331792,10.912101708558943
aux_loss,128,256,36,softmax,0,float32,backward_raw,0.0049129599332809444,0.02589600086212158,5.270957063317198,80.03647604294726,15.184429522288214
aux_loss,128,512,8,softmax,0,float32,forward,0.030851519107818602,0.038194239139556885,1.2380018956628116,27.615106958674478,22.30619117419822
aux_loss,128,512,8,softmax,0,float32,backward_raw,0.006113920211791992,0.026273279190063475,4.297288528461638,128.62974536095498,29.932769119182797
aux_loss,128,512,22,softmax,0,float32,forward,0.024738879203796388,0.03744607925415039,1.5136530214515125,34.43842354302204,22.751861262099183
aux_loss,128,512,22,softmax,0,float32,backward_raw,0.006100159883499145,0.025135679244995116,4.120495155051068,128.91989964513692,31.287477546746235
aux_loss,128,512,36,softmax,0,float32,forward,0.024743680953979493,0.039259839057922366,1.5866612219475882,34.43174043443925,21.70075121151264
aux_loss,128,512,36,softmax,0,float32,backward_raw,0.006130239963531494,0.025443201065063478,4.15044129045908,128.28731088480166,30.90931828856488
aux_loss,128,2304,8,softmax,0,float32,forward,0.11308671951293946,0.048132162094116214,0.42562170254314347,33.90191188242336,79.6526861291498
aux_loss,128,2304,8,softmax,0,float32,backward_raw,0.01235967993736267,0.025569920539855958,2.0688173698219656,286.32974461595535,138.4026201600365
aux_loss,128,2304,22,softmax,0,float32,forward,0.0609219217300415,0.048188481330871585,0.7909875454094405,62.93064780504894,79.55959378914622
aux_loss,128,2304,22,softmax,0,float32,backward_raw,0.012357120513916015,0.025450880527496337,2.059612552846332,286.38904961836425,139.04996317029722
aux_loss,128,2304,36,softmax,0,float32,forward,0.061614398956298826,0.05029632091522217,0.8163079047625829,62.22337740759647,76.22537653325026
aux_loss,128,2304,36,softmax,0,float32,backward_raw,0.012350720167160035,0.025986559391021728,2.1040521556077945,286.53746114415907,136.18363042022
aux_loss,8192,8,8,softmax,0,float32,forward,0.014072320461273193,0.046400961875915525,3.297321291368417,60.54211189580302,18.360998685292664
aux_loss,8192,8,8,softmax,0,float32,backward_raw,0.004722560048103333,0.02524991989135742,5.346659361483027,166.52662792839354,31.1459205963335
aux_loss,8192,256,8,softmax,0,float32,forward,0.0411027193069458,0.12615296363830567,3.069212104829948,663.2888640872218,216.1104679091482
aux_loss,8192,256,8,softmax,0,float32,backward_raw,0.008235840201377869,0.02569664001464844,3.1200993931802308,3055.647436650084,979.3429796912808
aux_loss,8192,256,22,softmax,0,float32,forward,0.06788447856903077,0.1351910400390625,1.991486756454771,401.60838787730637,201.6625953326682
aux_loss,8192,256,22,softmax,0,float32,backward_raw,0.008236799836158753,0.025688319206237792,3.11872568439366,3055.2914360653117,979.6602026764399
aux_loss,8192,256,36,softmax,0,float32,forward,0.06780064105987549,0.16526847839355469,2.4375651293267904,402.104988593305,164.96174143431352
aux_loss,8192,256,36,softmax,0,float32,backward_raw,0.00825984001159668,0.025686399936676027,3.109793882280134,3046.768940399281,979.7334021910664
aux_loss,8192,512,8,softmax,0,float32,forward,0.0717958402633667,0.26238943099975587,3.654660632666739,759.4583725182956,207.80544320038078
aux_loss,8192,512,8,softmax,0,float32,backward_raw,0.01030079960823059,0.0370035195350647,3.592295835509506,4886.18844305871,1360.1854264782976
aux_loss,8192,512,22,softmax,0,float32,forward,0.10735872268676758,0.26784543991088866,2.4948642570232606,507.885625270396,203.57244841704463
aux_loss,8192,512,22,softmax,0,float32,backward_raw,0.01030079960823059,0.037026240825653076,3.594501614813301,4886.18844305871,1359.3507436252744
aux_loss,8192,512,36,softmax,0,float32,forward,0.110447998046875,0.29787424087524417,2.69696369461422,493.6798580709336,183.05024241030827
aux_loss,8192,512,36,softmax,0,float32,backward_raw,0.010316159725189209,0.03696608066558838,3.5833179836608613,4878.913213906918,1361.5630084055294
aux_loss,8192,2304,8,softmax,0,float32,forward,0.38003135681152345,0.5354252624511718,1.408897589250026,645.6487855597918,458.26523551898384
aux_loss,8192,2304,8,softmax,0,float32,backward_raw,0.11269056320190429,0.16539968490600587,1.4677332352103365,2009.8614255232742,1369.3642531949936
aux_loss,8192,2304,22,softmax,0,float32,forward,0.38311168670654294,0.5390240097045899,1.4069631086912604,640.45758068442,455.20566724749864
aux_loss,8192,2304,22,softmax,0,float32,backward_raw,0.112673921585083,0.16542495727539064,1.4681743117503365,2010.158276322793,1369.1550521179674
aux_loss,8192,2304,36,softmax,0,float32,forward,0.38633983612060546,0.5784991836547851,1.497384244564913,635.1060932877829,424.14369965026725
aux_loss,8192,2304,36,softmax,0,float32,backward_raw,0.11268832206726075,0.1653251266479492,1.4671007928334483,2009.9013974563622,1369.9818085263178
aux_loss,32768,8,8,softmax,0,float32,forward,0.039101119041442874,0.08526047706604004,2.1805124547886554,87.15535727732068,39.97012586922744
aux_loss,32768,8,8,softmax,0,float32,backward_raw,0.010307199954986572,0.02508255958557129,2.4334988838007816,305.1971450770306,125.4149517423882
aux_loss,32768,256,8,softmax,0,float32,forward,0.13118176460266112,0.4143251037597656,3.158404714365008,831.3038350285143,263.20370890012634
aux_loss,32768,256,8,softmax,0,float32,backward_raw,0.020562880039215088,0.07246912002563477,3.524268968521445,4895.388963414993,1389.0508945657405
aux_loss,32768,256,22,softmax,0,float32,forward,0.23656703948974608,0.44665409088134767,1.888065606454477,460.9767456836556,244.1529277943394
aux_loss,32768,256,22,softmax,0,float32,backward_raw,0.02054464101791382,0.07233535766601562,3.5208869117227746,4899.734967976662,1391.6195239509173
aux_loss,32768,256,36,softmax,0,float32,forward,0.23550304412841797,0.5708774566650391,2.424076762055543,463.0594241513704,191.02506628491014
aux_loss,32768,256,36,softmax,0,float32,backward_raw,0.02056704044342041,0.07269696235656738,3.534634093639069,4894.398699556365,1384.6974170153364
aux_loss,32768,512,8,softmax,0,float32,forward,0.2317286491394043,0.8221974182128906,3.5481043076303855,941.2034671155062,265.26939049999135
aux_loss,32768,512,8,softmax,0,float32,backward_raw,0.04714208126068115,0.14947104454040527,3.1706500973912575,4270.634359283506,1346.927042752933
aux_loss,32768,512,22,softmax,0,float32,forward,0.39061569213867187,0.8284947204589844,2.120997023757207,558.3590531293129,263.25310543822286
aux_loss,32768,512,22,softmax,0,float32,backward_raw,0.047135357856750486,0.1497817611694336,3.177694367456311,4271.2435240622035,1344.1328932716897
aux_loss,32768,512,36,softmax,0,float32,forward,0.4025017547607422,0.9618605041503906,2.3897051199743125,541.8704525391367,226.7520155561961
aux_loss,32768,512,36,softmax,0,float32,backward_raw,0.047106242179870604,0.14964672088623046,3.1767917363227363,4273.883516992376,1345.3458305515385
aux_loss,32768,2304,8,softmax,0,float32,forward,1.2767967987060547,1.9604278564453126,1.5354266696408314,768.6948596633773,500.6392521781527
aux_loss,32768,2304,8,softmax,0,float32,backward_raw,0.41575519561767577,0.6206470489501953,1.4928185035141113,2179.0940282875513,1459.7179919447274
aux_loss,32768,2304,22,softmax,0,float32,forward,1.5297013854980468,1.9838380432128906,1.2968792876963917,641.6070125218915,494.73148242004766
aux_loss,32768,2304,22,softmax,0,float32,backward_raw,0.41566593170166016,0.6206111907958984,1.4930528182938398,2179.561986932935,1459.8023326620096
aux_loss,32768,2304,36,softmax,0,float32,forward,1.545944061279297,2.13061279296875,1.3781952700187798,634.8658794211597,460.65016564199107
aux_loss,32768,2304,36,softmax,0,float32,backward_raw,0.41575294494628906,0.620769271850586,1.4931205644996282,2179.1058247754368,1459.4305889194518
aux_loss,131072,8,8,softmax,0,float32,forward,0.14344287872314454,0.27255584716796877,1.9001002321908353,95.03077546505317,50.013559208653795
aux_loss,131072,8,8,softmax,0,float32,backward_raw,0.030803520679473877,0.02667776107788086,0.8660620763281048,408.4894103804408,471.66296913996956
aux_loss,131072,256,8,softmax,0,float32,forward,0.4847999954223633,1.6396754455566407,3.382168855278426,899.7681933143809,266.0329013171965
aux_loss,131072,256,8,softmax,0,float32,backward_raw,0.0737391996383667,0.2998569679260254,4.066452706248374,5460.503856492883,1342.8174999066034
aux_loss,131072,256,22,softmax,0,float32,forward,0.8922322845458984,1.7886845397949218,2.0047296772109884,488.8946786116441,243.87062463793225
aux_loss,131072,256,22,softmax,0,float32,backward_raw,0.07379648208618164,0.299714241027832,4.061362175473583,5456.265293645977,1343.4569629362688
aux_loss,131072,256,36,softmax,0,float32,forward,0.8911923217773438,2.3080799865722654,2.589878671720556,489.4651865155796,188.99155078581697
aux_loss,131072,256,36,softmax,0,float32,backward_raw,0.0738047981262207,0.29973215103149414,4.061147224044882,5455.650502713711,1343.3766868663065
aux_loss,131072,512,8,softmax,0,float32,forward,0.8645017242431641,3.49410888671875,4.04176046008202,1009.1538368691674,249.6817529974769
aux_loss,131072,512,8,softmax,0,float32,backward_raw,0.1586899185180664,0.5609939193725586,3.535157901720713,5074.716626742222,1435.4992811699128
aux_loss,131072,512,22,softmax,0,float32,forward,1.4987586975097655,3.5602517700195313,2.375466962049996,582.0918560469709,245.04312850751396
aux_loss,131072,512,22,softmax,0,float32,backward_raw,0.15852928161621094,0.5611222457885742,3.5395495397942605,5079.858810876304,1435.170988218906
aux_loss,131072,512,36,softmax,0,float32,forward,1.5470002746582032,4.119499206542969,2.6628949419243884,563.9399334901559,211.77701178200243
aux_loss,131072,512,36,softmax,0,float32,backward_raw,0.1584547233581543,0.5607417678833008,3.5388138390539443,5082.249054701705,1436.1447891422224
aux_loss,131072,2304,8,softmax,0,float32,forward,4.855559692382813,7.802684936523438,1.6069589153159716,808.5305902342686,503.14328669397855
aux_loss,131072,2304,8,softmax,0,float32,backward_raw,1.615198974609375,2.3884002685546877,1.4787034328896267,2243.6112906005346,1517.2828037709724
aux_loss,131072,2304,22,softmax,0,float32,forward,6.107024536132813,7.916010131835938,1.2962139066250813,642.8447308132155,495.9403131902618
aux_loss,131072,2304,22,softmax,0,float32,backward_raw,1.6150828552246095,2.388404541015625,1.4788123923731886,2243.772599205771,1517.2800896028325
aux_loss,131072,2304,36,softmax,0,float32,forward,6.180240478515625,8.521856689453125,1.3788875560874472,635.2290914322024,460.6823004731772
aux_loss,131072,2304,36,softmax,0,float32,backward_raw,1.6152735900878907,2.388387451171875,1.4786271909775466,2243.507649872995,1517.290946333655
aux_loss,128,8,8,sigmoid,0,float32,forward,0.013821120262145997,0.0548799991607666,3.9707345077572906,0.9631636037825094,0.24256560137698896
aux_loss,128,8,8,sigmoid,0,float32,backward_raw,0.004902400076389313,0.06053599834442139,12.348237067792926,2.506527376086834,0.20298665812178487
aux_loss,128,256,8,sigmoid,0,float32,forward,0.018672959804534914,0.05361983776092529,2.8715232251452276,22.81288046775239,7.944522359417318
aux_loss,128,256,8,sigmoid,0,float32,backward_raw,0.004793600142002106,0.06145760059356689,12.820760758718263,82.02937006668407,6.398167129895404
aux_loss,128,256,22,sigmoid,0,float32,forward,0.020647358894348145,0.05371583938598633,2.6015840408862223,20.631403860403942,7.930323808942153
aux_loss,128,256,22,sigmoid,0,float32,backward_raw,0.004738560020923615,0.06065663814544678,12.800647850319708,82.98217143261097,6.482654034618912
aux_loss,128,256,36,sigmoid,0,float32,forward,0.020626559257507324,0.05064256191253662,2.455211326343949,20.652208382498753,8.411580771440931
aux_loss,128,256,36,sigmoid,0,float32,backward_raw,0.004854080080986023,0.06046751976013184,12.457050306398921,81.00731620400563,6.502929201658108
aux_loss,128,512,8,sigmoid,0,float32,forward,0.032885119915008545,0.053916797637939454,1.6395499781447411,25.907401347536748,15.801531940400304
aux_loss,128,512,8,sigmoid,0,float32,backward_raw,0.006156479716300964,0.06131999969482422,9.9602374279676,127.74053294087953,12.82504898750643
aux_loss,128,512,22,sigmoid,0,float32,forward,0.026810879707336425,0.05420191764831543,2.021638910769639,31.77695059990407,15.718410657126975
aux_loss,128,512,22,sigmoid,0,float32,backward_raw,0.006186559796333313,0.06158432006835937,9.954534037618053,127.11943727855135,12.770003778998461
aux_loss,128,512,36,sigmoid,0,float32,forward,0.026780800819396974,0.053931841850280764,2.0138248372027268,31.81264091934588,15.797124125023087
aux_loss,128,512,36,sigmoid,0,float32,backward_raw,0.006202239990234375,0.06100128173828125,9.835363003419687,126.79806025536938,12.89205697962369
aux_loss,128,2304,8,sigmoid,0,float32,forward,0.12438943862915039,0.06460512161254883,0.5193778694118872,30.821394824604862,59.342911278651876
aux_loss,128,2304,8,sigmoid,0,float32,backward_raw,0.014405759572982789,0.0605728006362915,4.20476270823598,245.66174258781155,58.42463882839985
aux_loss,128,2304,22,sigmoid,0,float32,forward,0.07793536186218261,0.06664095878601074,0.8550798661056532,49.19276575349222,57.53002462510792
aux_loss,128,2304,22,sigmoid,0,float32,backward_raw,0.014409279823303223,0.060519042015075686,4.200004632931206,245.6017263455935,58.4765370066239
aux_loss,128,2304,36,sigmoid,0,float32,forward,0.07997856140136719,0.06666399955749512,0.833523364129372,47.9360460206335,57.51014078735927
aux_loss,128,2304,36,sigmoid,0,float32,backward_raw,0.014394880533218383,0.06101056098937988,4.238351325569441,245.84740330656766,58.00543287277795
aux_loss,8192,8,8,sigmoid,0,float32,forward,0.013855680227279663,0.057148160934448244,4.1245294346453285,61.4887169756277,14.908056288587295
aux_loss,8192,8,8,sigmoid,0,float32,backward_raw,0.004601280093193054,0.06162176132202148,13.392308243347802,170.91591558692883,12.762244751335215
aux_loss,8192,256,8,sigmoid,0,float32,forward,0.04109568119049072,0.14976415634155274,3.6442796907867585,663.4024600694166,182.03939224165188
aux_loss,8192,256,8,sigmoid,0,float32,backward_raw,0.008249599933624268,0.060386881828308106,7.319977006664194,3050.550839129478,416.7432269735575
aux_loss,8192,256,22,sigmoid,0,float32,forward,0.06688767910003662,0.15585503578186036,2.330100817951314,407.59339188949485,174.92521729075295
aux_loss,8192,256,22,sigmoid,0,float32,backward_raw,0.008251839876174926,0.06131936073303223,7.430992560831939,3049.7227742699984,410.40584407859586
aux_loss,8192,256,36,sigmoid,0,float32,forward,0.06796671867370606,0.18863679885864257,2.7754289531652723,401.1224395116649,144.5262863076354
aux_loss,8192,256,36,sigmoid,0,float32,backward_raw,0.008259519934654236,0.061301441192626954,7.4219133409226625,3046.8870102743454,410.525813266309
aux_loss,8192,512,8,sigmoid,0,float32,forward,0.07182720184326172,0.2822975921630859,3.9302323481722676,759.1267737115003,193.15060954717552
aux_loss,8192,512,8,sigmoid,0,float32,backward_raw,0.012361600399017333,0.08124832153320312,6.572637758106291,4071.6126047887,619.4792341578571
aux_loss,8192,512,22,sigmoid,0,float32,forward,0.11767423629760743,0.2893961524963379,2.459299177131961,463.3635510673684,188.41284353526427
aux_loss,8192,512,22,sigmoid,0,float32,backward_raw,0.012349120378494262,0.08116191864013672,6.572283381533678,4075.727376311881,620.1387158325464
aux_loss,8192,512,36,sigmoid,0,float32,forward,0.11905759811401367,0.3198316764831543,2.686360900518692,457.97960704518886,170.48327607685198
aux_loss,8192,512,36,sigmoid,0,float32,backward_raw,0.012351679801940917,0.08129856109619141,6.581984183512944,4074.882834324363,619.0964184525756
aux_loss,8192,2304,8,sigmoid,0,float32,forward,0.4734214401245117,0.5580665588378906,1.1787944345974632,518.284055609031,439.6729746913129
aux_loss,8192,2304,8,sigmoid,0,float32,backward_raw,0.12516736030578612,0.30830911636352537,2.463175029099604,1809.5165979906817,734.6276966164834
aux_loss,8192,2304,22,sigmoid,0,float32,forward,0.5747414398193359,0.5617094421386719,0.9773254601499407,426.9168133711196,436.8215408054777
aux_loss,8192,2304,22,sigmoid,0,float32,backward_raw,0.12512607574462892,0.3088400077819824,2.468230590179277,1810.1136366032183,733.3648824406404
aux_loss,8192,2304,36,sigmoid,0,float32,forward,0.5760355377197266,0.5940764617919921,1.0313191164275761,425.9577195033835,413.02222824965565
aux_loss,8192,2304,36,sigmoid,0,float32,backward_raw,0.12516127586364745,0.30865087509155276,2.466025317829147,1809.6045636890453,733.8142680879077
aux_loss,32768,8,8,sigmoid,0,float32,forward,0.03292671918869019,0.09900959968566894,3.0069682654467798,103.49868082728844,34.41961194489375
aux_loss,32768,8,8,sigmoid,0,float32,backward_raw,0.010302079916000366,0.06011807918548584,5.835528327839435,305.3488252517151,52.32582348970766
aux_loss,32768,256,8,sigmoid,0,float32,forward,0.13120512008666993,0.4835843276977539,3.6857123211221747,831.1558567833617,225.5075232052573
aux_loss,32768,256,8,sigmoid,0,float32,backward_raw,0.022600319385528565,0.1392972755432129,6.1635091596275275,4454.065196284648,722.6508602371922
aux_loss,32768,256,22,sigmoid,0,float32,forward,0.24669471740722657,0.5035750579833984,2.0412883716197765,442.05204370057373,216.55541169315651
aux_loss,32768,256,22,sigmoid,0,float32,backward_raw,0.02260063886642456,0.13904543876647948,6.152279127518159,4454.002233960965,723.9597134074958
aux_loss,32768,256,36,sigmoid,0,float32,forward,0.2483692741394043,0.6423203277587891,2.586150521172231,439.0716378982995,169.77806755783124
aux_loss,32768,256,36,sigmoid,0,float32,backward_raw,0.02269824028015137,0.13915552139282228,6.130674434463,4434.850224403771,723.3870060810412
aux_loss,32768,512,8,sigmoid,0,float32,forward,0.2411155128479004,0.8784323120117188,3.643201143038226,904.5614918090461,248.2875516048758
aux_loss,32768,512,8,sigmoid,0,float32,backward_raw,0.050035839080810544,0.2823129653930664,5.642215071823137,4023.647763253192,713.1326459615184
aux_loss,32768,512,22,sigmoid,0,float32,forward,0.4650121688842773,0.8920336151123047,1.9183016591858175,469.0281730116985,244.50178144076028
aux_loss,32768,512,22,sigmoid,0,float32,backward_raw,0.04992447853088379,0.2824275207519531,5.657095057632711,4032.6228320133046,712.8433924001996
aux_loss,32768,512,36,sigmoid,0,float32,forward,0.47056385040283205,1.0283542633056642,2.1853660505908574,463.49460931452666,212.0901480963391
aux_loss,32768,512,36,sigmoid,0,float32,backward_raw,0.050029120445251464,0.28229055404663084,5.642524824228137,4024.188117005143,713.1892623185097
aux_loss,32768,2304,8,sigmoid,0,float32,forward,1.5715533447265626,2.047646026611328,1.3029440161750294,624.5204079730219,479.3148440916034
aux_loss,32768,2304,8,sigmoid,0,float32,backward_raw,0.46360000610351565,1.1215353393554688,2.4191874991154445,1954.2054617611657,807.7941302506335
aux_loss,32768,2304,22,sigmoid,0,float32,forward,2.4682630920410156,2.0715142822265626,0.8392599188093924,397.6347331711796,473.7921164342985
aux_loss,32768,2304,22,sigmoid,0,float32,backward_raw,0.4636038589477539,1.1214179229736327,2.418914125345992,1954.1892210653464,807.8787091235936
aux_loss,32768,2304,36,sigmoid,0,float32,forward,2.3883616638183596,2.2190762329101563,0.9291206882639539,410.9374015118352,442.2863538639579
aux_loss,32768,2304,36,sigmoid,0,float32,backward_raw,0.4638288116455078,1.1214121246337891,2.4177284732602056,1953.241457308195,807.8828863169778
aux_loss,131072,8,8,sigmoid,0,float32,forward,0.11893119812011718,0.29532575607299805,2.483164726674386,114.61658686253692,46.157464155041716
aux_loss,131072,8,8,sigmoid,0,float32,backward_raw,0.029699199199676514,0.06115808010101318,2.059250139703407,423.6784943392364,205.7440648760906
aux_loss,131072,256,8,sigmoid,0,float32,forward,0.48020000457763673,1.9167698669433593,3.991607348336591,908.3873632689143,227.57432883458927
aux_loss,131072,256,8,sigmoid,0,float32,backward_raw,0.08092288017272949,0.5487539291381835,6.78119621999206,4975.764371467486,733.7590905861315
aux_loss,131072,256,22,sigmoid,0,float32,forward,0.9210688018798828,2.017827453613281,2.1907456310483386,473.58852575367774,216.17686647036751
aux_loss,131072,256,22,sigmoid,0,float32,backward_raw,0.08083295822143555,0.5486899185180664,6.787948017626342,4981.299619110354,733.8446915290682
aux_loss,131072,256,36,sigmoid,0,float32,forward,0.9289545440673828,2.58786865234375,2.7857860956391813,469.5683107271169,168.55863824655114
aux_loss,131072,256,36,sigmoid,0,float32,backward_raw,0.08087743759155273,0.5487267303466797,6.784670072237695,4978.560102676339,733.7954608947299
aux_loss,131072,512,8,sigmoid,0,float32,forward,0.8826137542724609,3.7464990234375,4.244777520519994,988.4450902525674,232.86145987021737
aux_loss,131072,512,8,sigmoid,0,float32,backward_raw,0.17178623199462892,1.0171260833740234,5.920882433732087,4687.839989558527,791.7468455126307
aux_loss,131072,512,22,sigmoid,0,float32,forward,1.798992919921875,3.812327880859375,2.119145572304383,484.9464510610116,228.84055602356537
aux_loss,131072,512,22,sigmoid,0,float32,backward_raw,0.17192415237426759,1.0170156860351562,5.91549047641183,4684.079327300687,791.8327898554775
aux_loss,131072,512,36,sigmoid,0,float32,forward,1.8237110900878906,4.374829406738281,2.3988609986066622,478.3735958736509,199.41697170094733
aux_loss,131072,512,36,sigmoid,0,float32,backward_raw,0.171844482421875,1.0167356872558593,5.916603622802343,4686.250944170484,792.0508526394888
aux_loss,131072,2304,8,sigmoid,0,float32,forward,5.869462890625,8.089500732421875,1.3782352632883719,668.8633384616153,485.30418302152174
aux_loss,131072,2304,8,sigmoid,0,float32,backward_raw,1.7972650146484375,4.282171325683594,2.3826042852791125,2016.3296044066522,846.2712909837846
aux_loss,131072,2304,22,sigmoid,0,float32,forward,10.087697143554687,8.204033203125,0.8132711645062409,389.1739103714417,478.5290901193082
aux_loss,131072,2304,22,sigmoid,0,float32,backward_raw,1.7972467041015625,4.281206970214844,2.382091985727137,2016.3501469941848,846.461916280152
aux_loss,131072,2304,36,sigmoid,0,float32,forward,9.65572998046875,8.811535034179688,0.9125705722926523,406.58433406289316,445.5374153052414
aux_loss,131072,2304,36,sigmoid,0,float32,backward_raw,1.7970521545410156,4.281947631835937,2.3827620255849435,2016.568437840121,846.315501165113
aux_loss,128,8,8,sqrtsoftplus,0,float32,forward,0.013565440177917481,0.05985439777374268,4.412270961260567,0.9813172167955121,0.22240638107029448
aux_loss,128,8,8,sqrtsoftplus,0,float32,backward_raw,0.004492799937725067,0.08102304458618165,18.03397562972896,2.735042772953304,0.1516605561141268
aux_loss,128,256,8,sqrtsoftplus,0,float32,forward,0.018598400354385376,0.05978015899658203,3.2142634773687018,22.904335420414576,7.125842539568285
aux_loss,128,256,8,sqrtsoftplus,0,float32,backward_raw,0.006213120222091675,0.08065343856811523,12.981148872886752,63.28800762648402,4.875377999760202
aux_loss,128,256,22,sqrtsoftplus,0,float32,forward,0.02065279960632324,0.06051424026489258,2.930074441160268,20.625968784860387,7.039400943237739
aux_loss,128,256,22,sqrtsoftplus,0,float32,backward_raw,0.0062143999338150025,0.07999936103820801,12.873223785115586,63.27497492724222,4.9152392581260544
aux_loss,128,256,36,sqrtsoftplus,0,float32,forward,0.020641279220581055,0.05572703838348389,2.6997860834089895,20.637480625486567,7.644116973678097
aux_loss,128,256,36,sqrtsoftplus,0,float32,backward_raw,0.006203200221061706,0.07961184024810791,12.833994939870243,63.38921620890374,4.939164812351455
aux_loss,128,512,8,sqrtsoftplus,0,float32,forward,0.03294975996017456,0.05991487979888916,1.8183707520572707,25.856576831811505,14.21963964310241
aux_loss,128,512,8,sqrtsoftplus,0,float32,backward_raw,0.010314559936523438,0.07993824005126954,7.750038832797071,76.24484271163875,9.837994925777831
aux_loss,128,512,22,sqrtsoftplus,0,float32,forward,0.027229440212249757,0.059674558639526365,2.1915455541638518,31.288487510541025,14.276904922689882
aux_loss,128,512,22,sqrtsoftplus,0,float32,backward_raw,0.010299839973449708,0.08035264015197754,7.801348405325289,76.35380763460557,9.78725774924827
aux_loss,128,512,36,sqrtsoftplus,0,float32,forward,0.02879807949066162,0.05800479888916016,2.0141898319285296,29.584195025097713,14.687888180217696
aux_loss,128,512,36,sqrtsoftplus,0,float32,backward_raw,0.010307519435882569,0.07900063991546631,7.6643697260903565,76.29692137783125,9.95475480757513
aux_loss,128,2304,8,sqrtsoftplus,0,float32,forward,0.12718912124633788,0.06871808052062989,0.5402826896455852,30.14295532850367,55.791081051063934
aux_loss,128,2304,8,sqrtsoftplus,0,float32,backward_raw,0.03692608118057251,0.07920191764831543,2.144877417698605,95.83860206270423,44.68255447695301
aux_loss,128,2304,22,sqrtsoftplus,0,float32,forward,0.0800864028930664,0.0707859182357788,0.8838693670671429,47.8714970519911,54.16128088117637
aux_loss,128,2304,22,sqrtsoftplus,0,float32,backward_raw,0.03691744089126587,0.08085280418395996,2.1900977487063185,95.86103247035366,43.77020730101128
aux_loss,128,2304,36,sqrtsoftplus,0,float32,forward,0.0808080005645752,0.07279776096343994,0.9008731865016989,47.44401511254189,52.664476891334836
aux_loss,128,2304,36,sqrtsoftplus,0,float32,backward_raw,0.036917760372161865,0.07914720058441162,2.143878712753475,95.86020290300624,44.71344499703013
aux_loss,8192,8,8,sqrtsoftplus,0,float32,forward,0.014060800075531005,0.0608681583404541,4.328925666639593,60.591715650848236,13.996940653842099
aux_loss,8192,8,8,sqrtsoftplus,0,float32,backward_raw,0.0061990398168563846,0.07940896034240723,12.809880673209898,126.86351809864807,9.903567514408286
aux_loss,8192,256,8,sqrtsoftplus,0,float32,forward,0.042944960594177246,0.15472607612609862,3.602892492747505,634.8352780581313,176.20156008985342
aux_loss,8192,256,8,sqrtsoftplus,0,float32,backward_raw,0.0164412796497345,0.07997024059295654,4.863991264466324,1530.6487412253455,314.6898622963065
aux_loss,8192,256,22,sqrtsoftplus,0,float32,forward,0.06972032070159911,0.16091327667236327,2.307982451214866,391.03342792533505,169.42651696485152
aux_loss,8192,256,22,sqrtsoftplus,0,float32,backward_raw,0.016449919939041137,0.07985536098480224,4.854452865468292,1529.844770871688,315.14257389418674
aux_loss,8192,256,36,sqrtsoftplus,0,float32,forward,0.07023680210113525,0.1957494354248047,2.786992425181054,388.15799103073545,139.27486401600794
aux_loss,8192,256,36,sqrtsoftplus,0,float32,backward_raw,0.016451200246810915,0.07967167854309082,4.84290977848472,1529.725711343063,315.8691326728976
aux_loss,8192,512,8,sqrtsoftplus,0,float32,forward,0.07492767810821534,0.2926412773132324,3.9056498840199105,727.7144224494737,186.32351697138552
aux_loss,8192,512,8,sqrtsoftplus,0,float32,backward_raw,0.029110400676727294,0.11624256134033203,3.9931625342849966,1728.9919351827511,432.98811915061185
aux_loss,8192,512,22,sqrtsoftplus,0,float32,forward,0.11921919822692871,0.29937984466552736,2.5111714314306197,457.3588214895738,182.12966895255553
aux_loss,8192,512,22,sqrtsoftplus,0,float32,backward_raw,0.028991999626159667,0.11634655952453614,4.013057430490441,1736.0530025181647,432.60108597698274
aux_loss,8192,512,36,sqrtsoftplus,0,float32,forward,0.11996128082275391,0.3295788955688477,2.7473772646343244,454.52959176522626,165.4412728882082
aux_loss,8192,512,36,sqrtsoftplus,0,float32,backward_raw,0.02918400049209595,0.11674912452697754,4.000449649067039,1724.6315498669064,431.109425478987
aux_loss,8192,2304,8,sqrtsoftplus,0,float32,forward,0.4849078369140625,0.591973762512207,1.2207964430509282,506.0070498375653,414.4892891176749
aux_loss,8192,2304,8,sqrtsoftplus,0,float32,backward_raw,0.24663040161132813,0.41294113159179685,1.6743318297091474,918.3475132029175,548.4859673022199
aux_loss,8192,2304,22,sqrtsoftplus,0,float32,forward,0.5592963027954102,0.5962057495117188,1.0659926527885704,438.7062506468147,411.54716169871017
aux_loss,8192,2304,22,sqrtsoftplus,0,float32,backward_raw,0.24661727905273437,0.4127260971069336,1.6735489852626264,918.3963786721081,548.7717340571219
aux_loss,8192,2304,36,sqrtsoftplus,0,float32,forward,0.5700883102416993,0.6352073669433593,1.1142262620225483,430.40135991557577,386.27824041259754
aux_loss,8192,2304,36,sqrtsoftplus,0,float32,backward_raw,0.2466275215148926,0.41281120300292967,1.6738245612949652,918.3582375915952,548.6585982948544
aux_loss,32768,8,8,sqrtsoftplus,0,float32,forward,0.03496063947677612,0.10341567993164062,2.9580603066582425,97.47739317708428,32.9531460050609
aux_loss,32768,8,8,sqrtsoftplus,0,float32,backward_raw,0.013363519906997681,0.07896031856536866,5.90864675735783,235.39666359555233,39.83935294531208
aux_loss,32768,256,8,sqrtsoftplus,0,float32,forward,0.1373532772064209,0.48806785583496093,3.5533761244114315,793.951962544816,223.43594788359852
aux_loss,32768,256,8,sqrtsoftplus,0,float32,backward_raw,0.05328447818756103,0.18501312255859376,3.472176679808118,1889.1673414848096,544.0873307141761
aux_loss,32768,256,22,sqrtsoftplus,0,float32,forward,0.25333343505859374,0.5129241561889648,2.0246998035230925,430.46786925214695,212.60824370265087
aux_loss,32768,256,22,sqrtsoftplus,0,float32,backward_raw,0.05329855918884277,0.18525087356567382,3.4757201017256247,1888.6682404178819,543.3890489283634
aux_loss,32768,256,36,sqrtsoftplus,0,float32,forward,0.25595935821533206,0.65429443359375,2.556243452694192,426.0516386677975,166.67099458729325
aux_loss,32768,256,36,sqrtsoftplus,0,float32,backward_raw,0.05329279899597168,0.18704992294311523,3.50985361000187,1888.8723785667362,538.1627237056562
aux_loss,32768,512,8,sqrtsoftplus,0,float32,forward,0.2521353530883789,0.9133740997314453,3.6225546657524377,865.0266824087531,238.789131489636
aux_loss,32768,512,8,sqrtsoftplus,0,float32,backward_raw,0.10062111854553223,0.3715004730224609,3.6920725826989553,2000.8383419917695,541.9282251837882
aux_loss,32768,512,22,sqrtsoftplus,0,float32,forward,0.4732275390625,0.9211078643798828,1.9464375767409228,460.8857050713497,236.78422086520123
aux_loss,32768,512,22,sqrtsoftplus,0,float32,backward_raw,0.1005731201171875,0.3717913436889648,3.6967267521953646,2001.7932402357094,541.5042480613182
aux_loss,32768,512,36,sqrtsoftplus,0,float32,forward,0.479521598815918,1.0543593597412109,2.1987734490891317,454.83625458908085,206.85908081048655
aux_loss,32768,512,36,sqrtsoftplus,0,float32,backward_raw,0.10068320274353028,0.37049503326416017,3.679809771327199,1999.6045667402736,543.3988958671293
aux_loss,32768,2304,8,sqrtsoftplus,0,float32,forward,1.6125286865234374,2.179468231201172,1.3515841605894396,608.6509618108024,450.3241304228983
aux_loss,32768,2304,8,sqrtsoftplus,0,float32,backward_raw,0.9165142059326172,1.5238858032226563,1.662697417408818,988.4949498170763,594.5128316597539
aux_loss,32768,2304,22,sqrtsoftplus,0,float32,forward,2.3441836547851564,2.202568359375,0.9395886516309937,418.68184431562855,445.60121451962596
aux_loss,32768,2304,22,sqrtsoftplus,0,float32,backward_raw,0.9166595458984375,1.5236930847167969,1.6622235502095741,988.3382200662514,594.5880263467817
aux_loss,32768,2304,36,sqrtsoftplus,0,float32,forward,2.370028533935547,2.349652862548828,0.9914027738084301,414.11616862275764,417.7072926999675
aux_loss,32768,2304,36,sqrtsoftplus,0,float32,backward_raw,0.9167151641845703,1.5236848449707032,1.6621137126340002,988.2782563173495,594.5912417455459
aux_loss,131072,8,8,sqrtsoftplus,0,float32,forward,0.12104543685913086,0.3073830413818359,2.5394021398721485,112.61463755848911,44.34690976678429
aux_loss,131072,8,8,sqrtsoftplus,0,float32,backward_raw,0.04308479785919189,0.07979040145874024,1.851938628550799,292.04992538488864,157.69956999786052
aux_loss,131072,256,8,sqrtsoftplus,0,float32,forward,0.5057731246948243,1.9420623779296875,3.8397895876762886,862.4570873812264,224.61050734375172
aux_loss,131072,256,8,sqrtsoftplus,0,float32,backward_raw,0.19246112823486328,0.7383225250244141,3.8362163403896696,2092.127317827193,545.3621829927042
aux_loss,131072,256,22,sqrtsoftplus,0,float32,forward,0.9515379333496093,2.060083770751953,2.165004356158492,458.423779769304,211.7426593001019
aux_loss,131072,256,22,sqrtsoftplus,0,float32,backward_raw,0.1924617576599121,0.7380255889892579,3.8346609631061335,2092.1204757544865,545.5816031412166
aux_loss,131072,256,36,sqrtsoftplus,0,float32,forward,0.9630521392822265,2.646501159667969,2.7480351807747767,452.9428866905486,164.82426784756322
aux_loss,131072,256,36,sqrtsoftplus,0,float32,backward_raw,0.192476806640625,0.7382022094726562,3.835278766085098,2091.9569013413497,545.4510686003504
aux_loss,131072,512,8,sqrtsoftplus,0,float32,forward,0.9318240356445312,3.8645758056640624,4.14732359097282,936.2446112441833,225.7466992163426
aux_loss,131072,512,8,sqrtsoftplus,0,float32,backward_raw,0.36456062316894533,1.3748173522949219,3.7711625033562703,2208.9779225190855,585.7551671541952
aux_loss,131072,512,22,sqrtsoftplus,0,float32,forward,1.8364031982421876,3.9293856811523438,2.1397183826044124,475.0673669241479,222.0233142764832
aux_loss,131072,512,22,sqrtsoftplus,0,float32,backward_raw,0.3646176147460938,1.3739736938476563,3.768259234553001,2208.6326480984344,586.1148372825331
aux_loss,131072,512,36,sqrtsoftplus,0,float32,forward,1.864890594482422,4.493674621582032,2.4096183630703534,467.81040913669705,194.14294657873108
aux_loss,131072,512,36,sqrtsoftplus,0,float32,backward_raw,0.36451873779296873,1.37546142578125,3.773362747026887,2209.2317472507543,585.4808814740792
aux_loss,131072,2304,8,sqrtsoftplus,0,float32,forward,6.0639990234375,8.589324951171875,1.4164456356232793,647.405866792924,457.063688510746
aux_loss,131072,2304,8,sqrtsoftplus,0,float32,backward_raw,3.5096337890625,5.832354736328125,1.6618129089434357,1032.5517913844844,621.3405768047444
aux_loss,131072,2304,22,sqrtsoftplus,0,float32,forward,9.513424072265625,8.702607421875,0.9147713121761921,412.666198224574,451.1140573952446
aux_loss,131072,2304,22,sqrtsoftplus,0,float32,backward_raw,3.5095724487304687,5.831419677734375,1.6615755232076195,1032.5698383319825,621.4402077485101
aux_loss,131072,2304,36,sqrtsoftplus,0,float32,forward,9.588402099609375,9.310430297851562,0.9710095802334846,409.4392895934075,421.6634912036147
aux_loss,131072,2304,36,sqrtsoftplus,0,float32,backward_raw,3.50977783203125,5.831796264648437,1.6615855885309248,1032.5094149628028,621.4000783887915
